bromoacetonitrile,bromomalonate,diethyl_thiobarbituric_acid,dimethyl_nitrosoaniline,dimethylisoxazole,ethyl_vinyl_ether,glycidyl_propargyl_ether,hexadienal,indole,phenylboronic_acid,phenylhydrazine,phenylurazole,thiadiazole,tosyl_isocyanide,vinyl_pyrrolidinone,base,acid,pyrylium,rose_bengal,rubypy,prediction
0,0,1,0,0,1,0,0,0,0,0,0,0,0,0,1,0,0,1,0,0.691278324
0,0,0,0,1,0,1,0,0,0,0,0,0,0,1,0,0,0,0,1,0.1656385
0,1,0,0,1,0,0,0,0,0,0,0,0,1,0,0,0,1,0,0,0.693691457
0,0,1,0,0,0,0,0,0,1,1,0,0,0,0,0,0,0,0,0,0.013263441
0,0,1,0,1,0,0,0,0,0,0,0,0,0,0,0,0,0,0,0,0.699631179
0,0,0,0,1,0,0,0,0,1,0,0,1,0,0,1,0,0,0,0,1.41E-01
0,0,0,0,0,0,0,0,0,0,1,0,0,0,0,0,0,0,1,0,0.501114082
0,0,0,0,0,0,1,0,0,0,1,0,0,1,0,1,0,0,0,1,9.41E-02
0,0,0,0,0,0,0,0,1,1,0,0,0,0,0,1,0,1,0,0,0.550980158
0,1,0,0,0,0,0,1,0,0,1,0,0,0,0,0,0,0,0,0,0.049632211
0,0,0,0,0,1,0,0,0,0,0,0,1,0,0,1,0,0,0,0,8.89E-02
0,0,1,0,0,0,0,0,1,0,0,0,0,0,0,1,0,0,0,0,0.201229875
0,0,0,0,0,0,0,0,0,0,0,0,0,1,1,0,0,0,1,0,0.015730062
0,0,0,0,0,0,1,0,0,0,1,0,0,0,0,1,0,0,0,1,7.15E-02
0,0,0,0,0,0,0,0,0,0,1,0,0,1,1,0,0,1,0,0,0.000871219
0,0,0,0,0,0,0,0,0,0,1,0,0,0,0,0,0,0,0,0,0.568596631
0,0,1,0,1,0,1,0,0,0,0,0,0,0,0,1,0,0,0,0,0.31058357
0,0,0,0,0,0,0,0,0,0,0,0,0,1,0,0,0,0,0,0,0.828023377
1,0,0,0,0,0,0,0,0,0,0,0,0,0,0,1,0,0,1,0,0.319449895
0,0,0,0,0,0,0,0,0,1,1,0,0,0,0,1,0,0,0,1,0.341402332
0,0,0,0,0,0,0,0,0,0,0,0,0,1,1,0,0,1,0,0,0.082784211
0,1,0,0,0,0,0,0,1,1,0,0,0,0,0,0,0,0,0,0,5.09E-03
0,0,0,0,0,1,0,0,0,0,1,0,0,0,0,1,0,0,0,0,2.90E-02
0,1,1,0,0,0,0,1,0,0,0,0,0,0,0,0,0,0,0,0,0.300301242
0,0,0,0,0,1,0,0,0,0,0,0,0,0,0,0,1,0,1,0,0.82330923
0,0,1,0,0,0,0,0,0,0,0,0,0,0,1,0,0,0,0,1,0.79501641
0,0,1,0,0,0,0,0,0,0,0,0,0,0,1,0,0,1,0,0,0.874115486
0,1,0,0,0,0,0,0,0,0,0,0,1,0,0,1,0,0,0,0,0.620890687
0,0,0,1,1,1,0,0,0,0,0,0,0,0,0,0,1,0,0,0,0.130111592
0,0,0,1,0,0,1,0,0,0,0,0,0,0,0,0,0,0,0,0,0.154362683
0,0,1,0,0,0,0,1,0,0,0,0,0,0,0,1,0,0,1,0,0.703026657
0,0,0,1,0,0,0,0,1,1,0,0,0,0,0,1,0,0,0,1,0.138833265
0,0,0,0,0,0,0,0,1,1,0,0,0,0,0,1,0,1,0,0,0.527143595
0,0,0,0,0,1,0,1,0,0,0,0,0,0,0,1,0,0,0,0,4.83E-02
0,0,0,1,0,0,0,0,0,0,0,0,0,0,1,0,1,0,0,0,0.114716788
0,0,0,0,0,0,0,0,0,0,0,0,0,0,1,0,0,0,0,0,0.99995094
0,1,0,0,1,0,0,0,0,0,0,0,0,0,0,0,0,0,1,0,0.501780571
0,0,0,0,0,0,0,1,0,1,0,0,0,0,0,0,1,0,0,1,0.803823796
0,0,0,0,0,1,0,0,1,0,0,0,1,0,0,0,0,1,0,0,0.797294751
0,0,1,0,0,0,0,0,0,0,0,0,0,0,0,0,1,0,0,0,0.34593692
0,0,1,0,0,0,0,0,0,1,0,0,0,0,0,0,1,0,0,0,0.025585579
0,0,0,0,0,1,0,0,0,0,0,0,0,0,1,1,0,0,0,0,6.03E-02
0,0,0,0,0,0,0,0,1,0,1,0,0,0,0,1,0,0,1,0,3.62E-03
0,0,0,0,1,0,1,0,0,1,0,0,0,0,0,1,0,0,0,1,6.37E-02
0,1,0,0,0,0,0,0,0,1,0,0,0,0,0,0,1,1,0,0,0.081220561
0,0,0,0,0,0,0,1,0,0,0,0,0,0,1,0,0,0,0,0,1.12E-02
0,0,0,0,0,0,0,0,0,1,0,0,1,0,0,0,0,0,0,0,6.07E-03
0,0,0,1,0,0,0,1,0,0,0,0,0,0,0,1,0,0,0,0,0.060337283
0,0,0,1,0,0,0,0,0,0,0,0,0,1,0,0,0,0,1,0,0.841198659
0,0,0,0,0,0,0,1,0,1,1,0,0,0,0,0,1,0,0,1,0.005901875
0,1,0,0,0,0,0,0,0,0,0,0,0,1,0,0,0,1,0,0,0.819559334
0,0,0,0,0,0,1,0,0,0,1,0,0,0,0,1,0,0,0,0,1.84E-02
0,0,0,0,0,0,0,0,0,1,0,0,0,0,1,1,0,0,0,0,8.87E-02
0,0,0,0,1,0,1,0,0,0,0,0,0,0,0,0,0,0,0,0,1.81E-01
0,0,0,0,0,0,0,1,0,1,0,0,0,1,0,0,1,0,1,0,0.409023522
0,0,0,0,1,0,0,0,0,0,0,0,1,0,0,0,1,0,0,1,5.83E-01
0,0,0,0,0,0,0,0,0,0,0,0,0,1,1,0,1,1,0,0,0.64357436
0,0,1,0,0,0,0,1,0,1,0,0,0,0,0,0,0,0,0,0,0.464719674
0,0,0,0,0,1,1,0,0,0,0,0,0,0,1,0,1,0,0,0,2.57E-02
0,0,0,0,0,0,1,0,0,0,0,0,0,0,1,0,1,0,1,0,0.042028701
0,0,0,0,0,0,0,1,0,0,0,0,0,1,0,0,1,0,0,1,0.956358195
0,0,0,0,1,0,0,0,0,1,0,0,0,0,0,1,0,1,0,0,0.459688252
0,0,0,1,0,0,0,0,0,0,0,0,1,0,0,0,1,0,0,0,0.158492166
0,0,0,0,0,0,0,1,0,0,1,0,1,0,0,0,0,0,0,0,0.027210853
0,0,0,0,0,0,1,0,0,0,1,0,0,0,1,1,0,0,0,0,2.02E-03
0,0,0,0,0,0,0,0,0,1,0,0,1,0,0,0,0,0,1,0,1.39E-02
0,1,0,0,0,0,0,0,0,0,0,0,0,1,1,0,1,0,0,1,0.597431853
0,0,0,0,1,0,0,0,0,1,0,0,0,1,0,0,0,1,0,0,0.688353116
0,0,0,1,0,0,0,0,1,0,1,0,0,0,0,1,0,0,0,0,4.63E-02
0,1,0,0,1,0,0,0,0,0,0,0,0,0,1,0,0,0,0,0,0.424673092
0,0,0,0,1,0,0,0,1,1,0,0,0,0,0,0,0,0,0,0,4.45E-03
0,0,0,0,0,0,0,1,0,0,0,0,0,1,1,1,0,0,1,0,0.111818762
0,0,0,1,0,0,0,1,0,0,0,0,0,0,0,0,1,0,0,1,0.104206004
0,0,0,0,0,0,1,0,0,0,0,0,1,0,1,0,1,1,0,0,0.784047204
0,0,0,0,1,0,0,0,0,1,0,0,0,0,0,0,0,0,0,0,0.020464705
0,0,0,0,1,1,0,0,1,0,0,0,0,0,0,1,0,0,0,0,3.01E-03
0,0,0,0,1,0,0,0,0,0,1,0,0,0,0,1,0,0,0,0,1.50E-01
0,0,0,0,0,0,0,0,0,0,1,0,1,0,0,1,0,0,1,0,0.690622722
0,1,0,0,0,0,0,0,1,0,1,0,0,0,0,0,0,0,0,1,0.336043142
0,1,0,0,0,0,0,0,0,0,0,0,1,0,0,0,0,1,0,0,0.454988891
0,0,0,0,0,0,0,0,0,1,1,0,1,0,0,0,0,0,0,0,0.285898465
0,1,0,0,0,0,0,0,1,0,0,0,0,1,0,0,0,0,0,0,0.219576169
0,0,0,0,0,0,0,0,0,0,0,0,0,1,1,1,0,0,0,0,0.113024438
0,0,1,0,0,0,1,0,0,0,1,0,0,0,0,0,0,0,1,0,0.065066624
0,0,0,0,0,0,1,0,0,0,0,0,0,0,1,0,0,0,0,1,0.109994066
0,0,0,0,1,0,0,1,0,0,0,0,0,0,1,0,1,1,0,0,0.6077746
0,0,0,0,0,0,0,1,0,0,0,0,1,0,0,0,1,0,0,0,1.71E-01
0,1,0,0,0,0,0,0,0,0,0,0,0,1,1,0,1,0,0,0,0.520829863
0,0,0,1,0,0,1,0,0,0,0,0,0,0,0,1,0,0,0,0,0.129513989
0,0,0,1,0,0,0,0,0,0,0,0,0,1,0,0,1,0,1,0,0.561191497
0,0,0,1,0,0,1,0,0,0,0,0,1,0,0,0,1,0,0,1,0.155877317
0,0,0,0,1,0,0,0,0,1,0,0,1,0,0,0,1,1,0,0,0.880864307
0,0,0,1,0,0,0,0,0,0,0,0,0,0,1,0,0,0,0,0,0.120901547
0,0,0,0,0,0,0,0,1,0,0,0,0,0,1,0,1,0,0,0,2.00E-04
0,0,1,0,0,1,0,0,0,0,0,0,1,0,0,1,0,0,0,0,0.229585377
0,0,0,0,0,0,0,0,1,0,0,0,0,1,1,0,0,0,1,0,1.17E-03
0,0,0,0,0,0,0,0,0,0,1,0,0,1,0,1,0,0,0,1,0.045530837
0,0,1,0,0,0,0,0,0,0,0,0,0,0,1,0,1,1,0,0,0.811665167
0,1,0,0,1,0,0,0,0,0,0,0,1,0,0,0,0,0,0,0,0.498297832
0,0,0,0,1,0,0,0,1,0,0,0,0,0,0,1,0,0,0,0,3.76E-03
0,0,0,0,0,0,0,1,0,1,0,0,0,1,0,0,1,0,0,0,0.160661378
0,0,0,0,0,1,1,0,0,0,0,0,0,0,0,0,1,0,1,0,0.258200279
0,0,0,0,1,0,0,0,1,0,1,0,0,0,0,1,0,0,0,1,6.31E-04
0,0,0,1,0,0,0,0,1,0,0,0,0,0,0,1,0,1,0,0,0.106312584
0,0,0,0,0,0,1,0,1,0,0,0,0,0,0,0,0,0,0,0,1.37E-02
0,0,0,1,0,1,0,0,0,0,1,0,0,0,0,0,0,0,0,0,0.629020475
0,1,0,0,0,0,1,0,0,0,0,0,0,0,0,0,1,0,0,0,0.331678495
0,0,1,0,0,0,0,0,0,0,0,0,0,1,1,0,1,0,1,0,0.432349849
0,0,1,1,0,0,0,0,0,0,1,0,0,0,0,0,1,0,0,1,0.652147864
0,1,0,0,0,0,1,1,0,0,0,0,0,0,0,0,1,1,0,0,0.18913014
0,0,0,1,0,0,0,1,0,0,0,0,0,0,0,1,0,0,0,0,0.07496982
0,0,0,0,1,0,0,0,0,1,0,0,0,0,1,0,0,0,0,0,0.011520645
0,0,0,0,0,0,0,0,1,0,0,0,0,1,0,0,1,0,0,0,0.263876417
0,0,0,0,0,0,0,0,0,0,1,0,1,0,0,1,0,0,1,0,0.482274701
0,1,0,0,0,0,0,0,0,0,1,0,0,0,1,1,0,0,0,1,0.420221777
0,0,0,0,0,0,0,0,0,1,0,0,1,1,0,0,1,1,0,0,0.439312828
0,1,0,0,0,1,0,0,0,1,0,0,0,0,0,1,0,0,0,0,0.333082964
0,0,1,0,0,0,0,0,0,0,0,0,0,0,1,0,1,0,0,0,0.694723095
0,0,0,0,0,1,0,0,0,0,0,0,1,1,0,0,0,0,0,0,0.491688633
0,0,0,1,0,1,0,0,0,0,0,0,0,0,0,0,0,0,1,0,0.224480848
0,0,0,0,1,0,0,0,0,0,0,0,0,1,0,1,0,0,0,1,0.691332753
0,0,0,0,0,0,0,0,0,0,0,0,1,1,0,0,1,1,0,0,0.600641839
0,0,0,0,1,0,0,0,0,1,0,0,0,0,1,0,1,0,0,0,0.010104643
0,0,1,0,1,0,0,0,0,0,0,0,0,0,0,1,0,0,0,0,0.568141033
0,0,0,0,0,0,1,0,0,0,0,0,1,0,0,0,0,0,0,0,0.161327585
0,0,0,0,0,1,0,0,0,0,1,0,0,0,1,0,1,0,1,0,0.000964922
0,1,0,0,0,0,0,0,1,0,0,0,1,0,0,1,0,0,0,1,0.080607351
0,1,0,0,0,0,1,0,0,0,0,0,0,0,1,1,0,1,0,0,0.351455263
0,0,1,0,0,1,0,0,0,0,0,0,0,0,0,0,0,0,0,0,0.566553871
0,0,0,0,0,0,0,0,0,1,0,0,1,0,0,1,0,0,0,0,0.667266101
0,1,0,0,0,0,0,0,0,0,1,0,0,0,0,0,1,0,0,0,0.509360959
0,0,0,0,1,0,0,0,0,1,0,0,0,0,0,1,0,0,1,0,0.155850464
0,0,0,0,1,0,0,0,1,0,0,0,1,0,0,0,1,0,0,1,2.23E-02
0,0,0,0,1,0,0,0,1,0,0,0,0,1,0,1,0,1,0,0,0.39513569
0,0,0,0,0,0,0,1,1,0,0,0,0,0,0,0,0,0,0,0,3.07E-03
0,1,0,0,0,0,0,1,0,0,0,0,0,0,0,0,1,0,0,0,0.020862869
0,0,0,0,0,0,0,0,0,0,0,0,0,1,1,0,1,0,0,0,0.503991938
0,0,0,1,0,0,1,0,0,1,0,0,0,0,0,1,0,0,1,0,0.066925527
0,0,1,0,0,0,1,0,0,0,0,0,0,0,0,0,1,0,0,1,0.062052785
0,0,0,0,0,0,0,0,1,0,0,0,1,1,0,1,0,1,0,0,0.071841083
0,0,0,1,0,0,0,0,0,0,0,0,0,1,0,1,0,0,0,0,0.42021268
0,0,0,0,0,0,0,0,1,1,0,0,1,0,0,1,0,0,0,0,0.529427735
0,1,0,0,0,0,0,0,0,0,1,0,0,1,0,0,1,0,0,0,0.242118235
1,0,0,0,0,0,0,0,0,0,0,1,0,1,0,0,1,0,1,0,0.806562717
0,0,0,0,0,0,0,1,0,0,0,1,0,0,0,0,0,0,0,1,0.851711502
0,0,1,0,0,0,0,0,0,0,0,1,0,0,0,0,0,1,0,0,0.61700425
0,1,0,0,0,0,0,0,0,0,0,1,0,0,0,1,0,0,0,0,0.608058855
0,0,0,0,0,0,1,0,0,0,0,1,0,0,0,1,0,0,0,0,0.506690239
0,0,0,0,0,1,0,0,0,0,0,1,1,0,0,0,1,0,0,0,0.128558207
0,1,0,0,0,0,0,0,0,0,0,1,0,0,0,1,0,0,1,0,0.63333106
0,0,0,0,0,0,0,1,0,0,0,1,0,0,1,1,0,0,0,1,0.694467162
1,0,0,0,0,0,0,0,0,0,0,1,0,0,0,0,0,1,0,0,0.826230985
0,0,0,0,0,0,0,0,0,1,0,1,0,0,0,1,0,0,0,0,1.44E-01
0,1,0,0,0,0,0,0,0,0,0,1,0,0,0,0,0,0,0,0,0.64197657
0,0,0,0,0,0,0,0,0,0,0,1,0,1,1,1,0,0,0,0,7.85E-02
0,0,0,0,1,0,0,0,0,0,0,1,0,1,0,0,1,0,1,0,0.696059719
0,0,0,0,1,0,0,0,0,0,0,1,0,0,1,0,0,0,0,1,0.235095988
0,0,0,0,0,0,0,0,0,0,1,1,0,0,1,1,0,1,0,0,0.560324351
1,0,0,0,0,1,0,0,0,0,0,1,0,0,0,0,0,0,0,0,0.509867936
0,0,0,0,0,0,1,0,0,0,0,1,0,1,0,1,0,0,0,0,2.63E-01
0,0,0,1,0,0,0,0,0,0,0,1,0,0,0,0,0,0,0,0,0.233683109
1,0,0,0,0,0,0,0,0,1,0,0,0,0,0,1,0,0,1,0,0.836829215
1,0,0,0,0,1,0,0,0,0,1,0,0,0,0,1,0,0,1,0,0.437791865
1,0,0,0,1,0,0,0,0,1,0,0,0,0,0,0,1,0,0,1,0.376796643
1,1,0,1,0,0,0,0,0,0,0,0,0,0,0,0,1,1,0,0,0.64631249
1,0,0,0,0,0,0,1,0,0,0,0,0,0,0,0,0,0,0,0,0.303302012
1,0,0,0,0,0,0,0,0,0,0,0,0,0,1,0,1,0,0,0,0.840202863
1,0,1,0,0,0,0,0,0,0,0,0,0,0,0,1,0,0,0,0,0.615352482
1,0,1,0,0,0,0,0,0,0,0,0,0,0,1,0,0,0,1,0,0.530951356
1,0,0,0,0,0,0,1,0,0,0,0,0,0,0,0,1,0,0,1,0.914680983
1,0,0,0,1,0,0,0,0,0,0,0,0,0,0,0,0,1,0,0,0.38503926
1,0,0,1,1,0,0,0,0,0,0,0,0,0,0,0,0,0,0,0,0.695113694
1,0,1,0,0,0,1,0,0,0,0,0,0,0,0,0,1,0,0,0,0.499508699
1,0,0,0,0,0,0,0,0,0,1,0,0,0,1,0,1,0,0,0,0.480423038
1,0,0,0,0,0,0,0,0,0,0,0,0,0,1,0,0,0,1,0,0.854032194
1,0,0,0,1,0,0,0,0,0,0,0,0,0,0,0,1,0,0,1,0.088438213
1,0,1,0,0,0,0,0,0,0,0,0,0,0,0,1,0,1,0,0,0.693376258
1,0,0,0,0,0,0,0,0,0,1,1,0,0,0,0,0,0,0,0,0.16694154
1,0,0,0,0,0,0,1,0,0,0,0,0,0,0,0,1,0,0,0,0.076290674
1,1,0,0,0,0,0,0,0,0,0,0,0,0,0,0,1,0,0,0,0.605648165
1,1,0,0,0,1,0,0,0,0,0,0,0,0,0,1,0,0,1,0,0.488135708
1,0,0,1,1,0,0,0,0,0,0,0,0,0,0,0,1,0,0,1,0.910957566
1,0,0,0,0,0,0,0,0,0,1,0,0,1,0,0,0,1,0,0,0.199728199
1,0,0,0,0,0,0,0,0,0,1,0,0,0,0,1,0,0,0,0,0.369285719
1,0,0,0,0,0,0,0,0,0,0,0,1,0,0,0,1,0,0,0,0.876829917
1,0,0,0,0,0,0,0,0,0,1,0,0,0,0,0,1,0,0,0,0.642856707
1,0,0,0,0,0,0,1,0,0,0,0,0,0,0,0,0,0,1,0,0.058484817
1,0,0,0,0,0,0,0,0,0,1,0,0,0,0,0,0,0,0,1,0.877370215
1,0,0,1,0,0,0,0,0,0,0,0,0,0,0,1,0,1,0,0,0.341125126
1,0,0,0,0,1,0,0,0,0,0,0,0,0,0,0,1,0,0,0,0.373281494
1,0,0,0,0,0,1,0,1,0,0,0,0,0,0,0,0,0,0,0,0.012692595
1,1,0,0,0,0,0,0,0,1,0,0,0,0,0,0,1,0,0,0,0.180279565
1,0,0,0,1,0,1,0,0,0,0,0,0,0,0,0,0,0,1,0,0.197610984
0,1,0,0,0,0,0,0,0,1,1,0,0,0,0,0,0,0,0,1,0.683992599
0,0,0,0,0,0,1,0,0,1,0,0,0,0,0,1,0,1,0,0,0.152320881
1,0,0,1,0,0,0,0,0,0,0,0,0,0,0,1,0,0,0,0,0.287487293
0,0,0,1,0,1,1,0,0,0,0,0,0,0,0,0,0,0,0,0,0.133316865
0,0,0,1,0,1,0,1,0,0,0,0,0,0,0,1,0,0,0,0,0.083696729
0,1,0,0,0,1,0,0,0,0,0,0,0,0,1,0,1,0,1,0,0.047840103
0,1,0,0,0,0,1,0,0,1,0,0,0,0,0,1,0,0,0,1,0.184256533
0,0,0,0,0,0,0,0,0,0,0,1,1,0,0,0,0,1,0,0,0.229327138
0,0,0,1,0,0,0,0,0,0,1,0,0,0,0,0,1,0,0,0,0.439770552
0,0,0,0,0,1,0,0,1,0,0,0,0,0,0,1,0,0,0,0,0.101470069
1,0,0,0,0,0,0,0,0,1,0,0,0,0,0,1,0,0,0,0,0.613050093
0,0,0,0,0,0,0,1,0,0,0,0,1,0,0,0,1,0,1,0,2.64E-01
0,1,0,0,0,0,0,1,0,0,0,0,0,0,1,1,0,0,0,1,0.387128667
0,0,0,0,0,0,0,0,0,1,0,1,0,0,0,0,1,1,0,0,0.674343417
0,0,0,0,0,0,0,0,0,1,1,0,0,0,0,0,1,0,0,0,0.028234455
0,1,1,0,0,0,0,0,0,0,0,1,0,0,0,1,0,0,0,0,0.592475183
0,0,0,1,0,0,1,1,0,0,0,0,0,0,0,1,0,0,0,0,0.077634719
0,0,0,0,0,0,0,0,0,1,0,0,0,0,1,1,0,0,1,0,5.44E-02
0,1,1,0,0,0,0,0,0,0,0,0,0,0,0,1,0,0,0,1,0.593813842
0,0,0,0,0,0,1,0,0,1,0,0,0,0,0,0,1,1,0,0,0.065947198
0,1,0,0,0,0,0,0,1,0,0,0,0,0,1,0,1,0,0,0,0.285856121
0,0,0,0,0,0,0,0,1,1,0,0,0,1,0,0,1,0,0,0,0.332417461
0,0,0,0,1,0,0,0,0,0,0,0,1,1,0,0,1,0,0,0,0.675677602
0,0,0,0,0,0,0,0,0,0,1,0,0,1,1,0,1,0,1,0,0.002270632
0,0,1,0,0,0,1,0,0,0,1,0,0,0,0,1,0,0,0,1,0.552144649
0,0,0,0,1,0,0,1,0,0,0,0,0,0,0,1,0,1,0,0,0.161931944
1,0,0,0,0,0,0,0,0,0,1,0,1,0,0,0,0,0,1,0,0.794395181
0,0,1,0,1,0,0,0,0,0,0,0,0,0,0,0,1,0,0,1,0.687601214
0,0,0,0,0,1,0,0,0,1,0,0,0,0,0,1,0,1,0,0,0.29094079
0,0,0,0,0,0,0,0,1,0,0,1,0,0,0,1,0,0,0,0,0.111884906
0,0,0,1,1,0,0,0,0,0,0,0,0,0,0,0,0,0,0,0,0.138058853
0,1,0,0,0,1,0,0,1,0,0,0,0,0,0,0,0,0,1,0,0.606674448
0,0,0,0,0,0,0,0,1,0,0,1,0,0,0,1,0,0,0,1,3.75E-02
1,0,1,0,0,0,0,0,0,0,0,0,0,0,0,1,0,1,0,0,0.660364563
0,1,0,0,0,0,0,1,0,0,0,0,1,0,0,1,0,0,0,0,0.512948262
1,0,0,0,0,0,0,0,0,0,0,0,1,0,0,0,1,0,0,0,0.714587758
0,0,0,0,0,0,0,1,0,0,0,0,0,1,0,1,0,0,0,0,0.639109855
0,0,0,1,0,0,0,0,0,0,0,1,0,0,0,0,0,0,1,0,0.235785383
0,0,0,0,0,0,0,0,0,1,0,0,0,0,1,0,1,0,0,1,0.007366672
0,0,1,0,0,0,0,0,0,0,1,0,0,1,0,1,0,1,0,0,0.211652761
0,1,0,0,0,0,0,0,0,0,0,0,0,1,0,0,1,0,0,0,0.744261066
0,0,0,0,1,0,1,0,0,0,0,0,0,0,0,0,1,0,0,0,2.29E-01
1,0,0,0,0,0,0,1,1,0,0,0,0,0,0,0,0,0,0,0,0.111029705
0,1,0,0,0,1,1,0,0,0,0,0,0,0,0,0,0,0,1,0,0.183989576
0,0,1,0,0,0,0,0,0,0,0,0,0,1,0,0,0,0,0,1,0.870122153
0,0,1,0,0,0,0,0,1,0,0,0,0,0,1,1,0,1,0,0,0.133918475
0,0,0,0,1,0,0,0,0,0,0,1,0,1,0,0,0,0,0,0,0.75032105
1,0,0,0,0,0,0,0,0,0,0,0,1,0,0,0,0,0,0,0,0.703955318
0,0,0,0,1,0,0,0,0,0,1,0,0,0,1,0,0,0,0,0,0.004961131
0,0,0,0,0,0,0,0,0,0,1,0,1,0,1,0,0,0,1,0,0.515997109
0,0,0,0,0,0,0,0,1,0,0,0,0,1,0,0,0,0,0,1,0.765539296
1,0,1,0,0,0,0,0,0,0,0,1,0,0,0,1,0,1,0,0,0.646999175
1,0,0,0,1,0,0,1,0,0,0,0,0,0,0,0,1,0,0,0,0.46425528
0,0,0,0,0,0,0,0,0,1,0,0,0,0,1,0,0,0,0,0,0.006324937
0,0,0,0,0,0,0,0,0,0,0,0,1,0,1,0,0,0,0,0,0.011347133
0,1,0,0,0,0,0,0,0,0,0,0,0,1,0,0,0,0,1,0,0.636889741
0,0,0,0,0,0,0,1,0,0,0,0,0,1,0,1,0,0,0,1,0.77020974
0,1,0,0,0,0,0,0,0,0,1,0,0,1,0,0,1,1,0,0,0.133195058
1,0,0,0,0,0,0,0,1,0,0,0,0,0,0,1,0,0,0,0,0.25200046
0,0,0,0,0,0,0,1,0,0,0,1,0,0,0,0,0,0,0,0,0.085254543
1,0,0,0,1,0,0,0,0,0,0,0,0,0,0,0,1,0,0,0,0.705384289
0,1,0,0,0,0,0,0,0,0,0,0,0,1,1,1,0,0,1,0,0.353059162
0,0,0,0,0,0,1,0,0,0,0,0,0,0,1,0,1,0,0,1,0.113747966
0,0,0,0,0,0,0,1,1,0,0,0,1,0,0,0,0,1,0,0,0.820982476
0,1,0,0,0,1,0,0,0,0,0,0,0,1,0,0,0,0,0,0,0.073168508
0,0,0,0,0,0,0,1,0,0,1,0,0,0,0,0,1,0,0,0,0.171462044
0,0,0,1,0,0,0,0,0,1,0,1,0,0,0,1,0,0,0,0,1.52E-01
0,0,1,0,1,0,0,0,0,0,0,0,0,0,0,0,0,0,1,0,0.739561429
0,0,0,1,0,0,0,0,0,0,0,0,0,1,1,1,0,0,0,1,0.096687503
0,0,0,0,1,0,0,1,1,0,0,0,0,0,0,1,0,1,0,0,0.270715031
0,0,0,0,0,0,0,1,0,1,0,0,0,0,0,0,1,0,0,0,9.47E-02
0,1,0,0,0,0,1,0,1,0,0,0,0,0,0,0,0,0,0,0,3.46E-02
0,1,0,0,0,1,0,0,1,0,0,0,0,0,0,1,0,0,0,0,0.326243081
0,1,0,0,1,0,0,0,0,0,0,0,0,0,1,0,1,0,1,0,1.27E-01
0,0,1,1,0,0,0,0,0,0,1,0,0,0,0,0,0,0,0,1,0.650727953
0,0,1,0,0,0,1,0,0,0,0,0,0,0,0,1,0,1,0,0,0.363591535
0,0,1,0,0,0,0,0,0,1,0,1,0,0,0,0,0,0,0,0,0.609872758
0,0,0,0,1,0,0,0,1,0,0,0,0,0,0,0,1,0,0,0,6.87E-03
0,0,1,0,0,0,0,0,0,0,0,0,0,1,0,0,0,0,0,0,0.460842862
0,1,0,0,0,1,0,0,0,0,0,0,0,1,0,0,1,0,1,0,0.24887331
0,0,0,0,0,0,1,0,0,1,0,0,0,0,0,1,0,0,0,1,9.70E-02
0,0,1,0,0,0,0,0,0,1,0,0,0,0,0,0,0,1,0,0,0.819615059
0,0,0,0,0,1,0,0,0,0,0,0,0,0,1,1,0,0,0,0,5.90E-02
0,0,0,0,0,1,0,0,1,0,0,0,0,0,1,0,0,0,0,0,3.28E-04
0,0,0,0,0,0,1,0,0,0,1,0,0,1,0,1,0,0,0,0,7.15E-03
0,1,0,0,0,0,0,0,0,0,1,0,0,0,0,0,1,0,1,0,0.331049735
0,0,0,0,1,1,0,0,0,0,1,0,0,0,0,0,0,0,0,1,0.026588321
0,0,0,0,1,1,0,0,0,1,0,0,0,0,0,0,1,1,0,0,0.94184147
0,0,0,0,0,0,1,0,1,0,0,0,0,0,0,1,0,0,0,0,1.03E-02
1,0,0,0,0,0,1,0,0,0,0,0,0,0,0,1,0,0,0,0,0.539688542
0,1,0,0,0,1,0,0,0,0,0,1,0,0,0,0,1,0,1,0,0.088648625
0,0,0,1,0,0,0,0,0,1,0,0,0,0,0,1,0,0,0,1,0.547876097
1,1,0,0,1,0,0,0,0,0,0,0,0,0,0,0,1,1,0,0,0.604328732
0,0,1,0,1,0,1,0,0,0,0,0,0,0,0,0,0,0,0,0,0.574128076
0,0,0,0,0,1,0,0,0,1,0,0,0,0,1,0,0,0,0,0,0.00844831
0,0,1,0,0,0,0,0,0,1,0,0,0,0,1,0,0,0,0,0,0.258032016
0,0,1,0,0,0,0,0,0,0,1,0,0,1,0,0,1,0,1,0,0.036736403
0,0,0,0,0,0,0,1,0,0,0,0,1,1,0,0,1,0,0,1,0.477285091
0,0,0,0,0,0,1,0,0,0,0,0,1,0,0,0,1,1,0,0,0.909097956
0,0,0,0,0,0,0,0,0,0,1,1,0,0,0,0,1,0,0,0,0.684313476
0,0,1,0,0,0,0,0,1,0,0,0,0,0,0,1,0,0,0,0,0.304123669
1,1,0,0,0,0,0,0,0,0,0,0,0,0,1,0,1,0,0,0,0.255678534
0,0,0,0,1,0,1,0,0,0,0,0,0,0,0,0,0,0,1,0,2.31E-01
0,0,0,0,0,1,0,0,1,0,0,0,0,0,0,0,1,0,0,1,0.32811174
0,0,0,0,0,1,0,0,1,0,0,0,0,0,0,0,0,1,0,0,1.84E-01
0,0,0,0,0,0,0,1,0,0,0,0,1,0,0,0,0,0,0,0,2.59E-01
0,0,1,0,0,0,0,0,0,1,0,0,0,0,1,1,0,0,0,0,0.490996923
0,0,0,0,0,0,0,0,0,0,0,1,1,0,0,0,0,0,0,0,0.084998041
0,0,1,0,0,0,0,1,0,0,0,0,0,0,0,0,1,0,1,0,0.385608132
0,0,1,0,0,0,0,0,1,0,0,0,1,0,0,0,1,0,0,1,0.733616124
0,0,0,0,0,0,0,0,0,0,0,1,1,0,0,0,0,1,0,0,0.481643682
0,1,0,0,0,0,0,0,0,1,0,0,0,0,1,0,1,0,0,0,0.63317512
0,0,0,0,0,0,1,0,0,1,0,0,0,0,1,0,0,0,0,0,0.012942821
1,0,0,0,0,0,0,0,0,0,1,0,0,0,1,1,0,0,0,0,0.480821401
0,0,1,1,0,0,0,0,0,0,0,0,0,0,1,1,0,0,1,0,0.54304735
0,0,0,0,0,0,0,0,0,0,0,0,1,1,0,0,0,0,0,1,5.53E-01
0,0,1,0,0,1,0,0,0,0,0,0,0,0,0,0,1,1,0,0,0.734563231
0,0,0,0,0,0,1,0,1,0,0,0,1,0,0,1,0,0,0,0,0.572912189
0,0,1,0,0,0,0,0,0,0,0,0,0,1,0,1,0,0,0,0,0.588076445
0,0,1,0,0,0,0,0,0,0,0,0,0,1,0,1,0,0,0,0,0.588076445
0,0,0,0,0,0,0,0,0,1,0,0,1,0,1,0,1,0,1,0,0.00285535
0,0,1,0,1,0,0,0,0,0,0,0,0,0,0,1,0,0,0,1,0.619383181
0,0,0,0,1,0,0,1,0,0,1,0,0,0,0,0,1,1,0,0,0.237094898
0,0,0,0,1,0,0,0,1,0,0,0,0,0,0,0,0,0,0,0,4.12E-03
0,0,0,1,0,0,0,0,0,0,0,1,0,1,0,0,1,0,0,0,0.474055018
0,0,0,0,0,0,1,0,0,0,0,0,0,1,0,1,0,0,0,0,0.513299474
0,0,0,0,0,1,0,0,0,0,0,0,0,1,0,0,0,0,1,0,0.737549583
1,0,1,0,0,0,1,0,0,0,0,0,0,0,0,0,1,0,0,1,0.223347319
1,0,0,0,0,0,0,0,0,1,1,0,0,0,0,0,0,1,0,0,0.210495626
0,0,0,0,0,0,0,0,0,0,1,0,0,1,0,1,0,0,0,0,0.221625852
0,0,0,1,0,1,0,0,0,0,0,0,0,0,0,0,1,0,0,0,0.214472665
0,0,0,1,0,0,0,0,0,1,0,0,0,0,0,0,1,0,0,0,0.127517037
1,0,0,0,0,0,0,1,0,0,0,0,0,1,0,0,1,0,1,0,0.560452883
1,0,0,0,0,1,0,0,0,0,1,0,0,0,0,0,0,0,0,1,0.635251984
0,0,0,0,0,1,0,0,0,0,1,0,0,1,0,1,0,1,0,0,0.050548261
0,0,0,0,0,1,0,0,0,0,1,0,0,1,0,0,1,0,0,0,0.002529057
0,0,0,0,0,1,0,0,1,0,0,0,0,1,0,1,0,0,0,0,0.444843695
0,0,0,0,0,1,1,0,0,0,0,0,0,0,0,0,1,0,0,0,0.309361868
0,0,0,0,0,0,1,1,0,0,1,0,0,0,0,0,0,0,1,0,0.20536436
1,0,0,0,0,0,1,0,0,0,0,0,0,0,0,0,0,0,0,1,0.809282497
0,0,0,0,1,1,0,0,0,1,0,0,0,0,0,0,1,0,1,0,2.00E-01
0,0,0,0,1,1,0,0,0,1,0,0,0,0,0,0,1,0,0,1,0.236737615
0,1,0,0,1,0,1,0,0,0,0,0,0,0,0,0,0,1,0,0,0.126094152
0,0,0,0,1,0,0,0,0,1,0,0,1,0,0,0,1,0,0,0,1.25E-01
0,0,1,0,0,0,0,0,1,0,0,1,0,0,0,1,0,0,0,0,0.24813346
0,0,0,0,0,0,0,1,0,0,0,0,0,1,0,0,0,0,0,0,0.498179496
0,0,0,0,1,0,1,0,0,0,0,1,0,0,0,0,1,0,1,0,0.126914952
1,0,0,0,0,0,0,0,0,0,0,0,1,0,1,0,0,0,0,1,0.984793387
0,1,0,0,0,1,0,0,1,0,0,0,0,0,0,1,0,1,0,0,0.282043689
0,0,1,0,0,0,0,1,0,1,0,0,0,0,0,1,0,0,0,0,0.741511623
0,0,0,0,1,0,1,0,0,0,0,0,0,0,0,1,0,0,0,0,8.83E-02
0,1,0,0,0,1,1,0,0,0,0,0,0,0,0,0,1,0,0,0,0.153943648
1,0,0,0,0,0,0,0,0,1,1,0,0,0,0,0,0,0,1,0,0.558525749
0,0,0,1,0,1,0,1,0,0,0,0,0,0,0,0,0,0,0,1,0.101983035
0,0,0,0,0,0,1,0,0,0,0,1,0,0,0,0,0,1,0,0,0.144766928
0,0,1,0,0,0,0,0,0,0,0,0,1,0,0,1,0,0,0,0,3.94E-01
1,0,0,0,0,0,0,0,0,0,0,1,0,0,0,1,0,0,0,0,0.710902467
0,0,0,0,0,0,1,0,0,1,0,0,0,0,0,1,0,0,0,0,1.23E-01
0,1,0,0,0,1,0,0,0,0,0,0,0,0,0,1,0,0,1,0,0.704284459
1,0,0,0,0,0,0,1,0,0,0,0,0,1,0,1,0,0,0,1,0.712255259
0,0,0,0,0,0,0,0,1,0,0,0,0,1,0,0,0,1,0,0,0.302188992
0,0,0,0,0,0,0,0,0,0,1,0,0,1,0,0,1,0,0,0,0.009702408
1,0,0,0,0,1,0,0,0,0,1,0,0,0,0,0,0,0,0,0,0.476361228
0,0,0,0,1,0,0,0,0,0,0,1,0,0,0,1,0,0,0,0,0.54129714
0,0,0,0,0,0,1,0,0,0,0,0,0,0,1,0,0,0,1,0,3.39E-02
1,0,0,1,0,1,0,0,0,0,0,0,0,0,0,1,0,0,0,1,0.523927058
0,0,0,1,0,0,0,1,0,0,0,0,0,0,0,0,1,1,0,0,0.100303414
0,0,1,0,0,0,0,1,0,0,0,0,0,1,0,0,0,0,0,0,0.647247588
1,1,0,0,0,0,0,0,0,0,0,0,0,1,0,0,1,0,0,0,0.687166303
0,1,0,0,0,0,0,0,1,0,1,0,0,0,0,0,0,0,0,0,0.050561074
0,0,1,0,0,0,0,1,0,0,0,0,1,0,0,0,1,0,1,0,0.885611969
0,0,0,1,0,0,0,0,0,0,0,0,1,0,0,0,0,0,0,1,0.299185795
0,0,0,0,0,1,0,0,0,0,0,1,0,0,0,1,0,1,0,0,0.575227365
0,0,1,0,0,0,0,0,0,0,1,0,0,0,0,0,0,0,0,0,0.580542435
0,0,0,0,1,0,0,0,0,0,0,0,1,0,1,0,0,0,0,0,0.267408324
0,0,0,0,0,0,1,0,0,1,0,0,0,0,0,0,1,0,0,0,0.287160277
0,0,0,0,0,0,0,1,0,1,0,0,0,0,0,0,0,0,1,0,0.589024482
0,1,0,0,0,0,0,1,0,0,0,0,0,0,0,0,0,0,0,1,0.666220784
1,0,0,1,0,0,0,0,0,0,0,1,0,0,0,0,1,1,0,0,0.797658483
0,0,0,0,0,0,1,0,1,0,0,0,0,0,0,0,0,0,0,0,1.43E-02
0,1,0,1,0,0,0,0,1,0,0,0,0,0,0,1,0,0,0,0,0.067168508
0,0,0,0,0,0,0,0,0,0,0,1,0,1,1,0,1,0,0,0,0.058275455
0,0,0,1,0,0,0,0,0,0,0,0,0,1,0,1,0,0,1,0,0.159751549
0,1,0,0,0,0,0,0,0,1,1,0,0,0,0,1,0,0,0,1,0.407074532
0,0,0,0,0,0,0,0,0,1,0,0,1,0,0,0,0,1,0,0,0.990534798
0,1,1,0,0,0,0,1,0,0,0,0,0,0,0,0,1,0,0,0,0.572604224
0,0,0,0,1,1,0,0,0,0,0,0,0,0,0,0,0,0,0,0,1.65E-01
0,1,0,0,0,0,0,0,0,0,0,0,0,0,1,0,1,0,0,0,0.088847345
0,0,0,1,0,0,0,0,0,0,0,0,0,0,1,1,0,0,1,0,0.100829971
0,0,0,0,1,0,1,0,0,0,0,0,1,0,0,0,0,0,0,1,0.438028585
0,1,0,0,1,0,1,0,0,0,0,0,0,0,0,1,0,1,0,0,0.49783493
0,0,0,0,0,0,0,0,1,0,0,1,0,0,0,0,1,0,0,0,0.029598644
0,0,0,0,1,0,0,0,1,1,0,0,0,0,0,0,1,0,0,0,4.23E-03
0,0,1,0,0,0,1,0,0,0,0,0,0,1,0,0,1,0,0,0,0.190323721
0,0,0,0,1,0,0,0,1,0,0,0,0,1,0,0,1,0,1,0,4.67E-03
0,0,0,0,0,0,0,0,0,0,1,0,1,1,0,0,0,0,0,1,0.393377057
0,1,0,1,0,0,0,0,0,0,0,0,0,1,0,0,1,1,0,0,0.775768474
0,1,0,0,0,0,0,0,0,1,0,1,0,0,0,0,0,0,0,0,0.078929724
0,0,0,0,1,0,0,0,0,0,0,1,0,0,0,1,0,0,1,0,1.82E-01
0,1,0,0,0,0,0,1,0,0,0,0,0,0,0,0,1,0,0,1,0.466594116
0,1,0,0,0,0,0,0,0,0,1,0,0,1,0,1,0,1,0,0,0.347815865
0,0,0,0,0,0,0,0,0,0,0,1,0,0,1,0,1,0,0,0,0.112308604
0,1,0,0,1,0,0,0,0,0,0,0,0,0,1,1,0,0,0,0,0.425820055
0,0,0,0,1,0,0,0,0,1,0,1,0,0,0,0,0,0,0,0,0.201541372
0,0,0,0,0,0,0,0,0,1,0,0,0,0,1,0,0,0,1,0,0.013746567
0,1,0,0,0,0,0,0,1,0,0,0,0,1,0,0,1,0,0,1,0.262421779
0,0,0,0,1,0,0,0,1,1,0,0,0,0,0,0,0,1,0,0,3.83E-03
0,0,0,1,0,1,0,1,0,0,0,0,0,0,0,0,1,0,0,0,0.108689365
1,0,0,0,0,0,0,1,0,1,0,0,0,0,0,1,0,0,0,0,0.628194918
0,0,0,0,0,0,0,1,1,0,0,0,0,0,1,0,1,0,0,0,1.86E-04
0,0,0,0,1,1,0,0,0,0,1,0,0,0,0,0,1,0,1,0,0.002788342
0,1,0,0,0,0,0,0,0,0,0,0,0,0,1,0,1,0,0,1,0.471241198
0,0,0,0,0,0,1,0,0,0,0,0,0,1,1,0,1,1,0,0,0.324213528
0,0,0,1,0,0,1,0,0,1,0,0,0,0,0,0,1,0,0,0,0.159152964
0,0,0,0,0,0,0,0,0,0,0,0,0,1,1,0,0,0,0,0,0.025819964
1,0,0,0,0,0,1,0,0,1,0,0,0,0,0,1,0,0,0,0,0.640415435
0,0,0,0,0,0,0,0,0,0,0,1,0,1,0,0,0,0,1,0,0.375758247
0,0,1,0,0,0,0,1,0,0,0,0,0,1,0,1,0,0,0,1,0.490331316
0,0,0,0,0,0,0,1,0,0,0,0,0,0,1,0,0,1,0,0,0.690333456
0,0,0,0,0,0,0,1,0,0,1,0,0,0,0,0,1,0,0,0,0.048698093
0,0,0,1,0,0,0,0,0,0,0,0,0,1,0,0,0,0,0,0,0.132009675
0,0,1,1,1,0,0,0,0,0,0,0,0,0,0,1,0,0,0,0,0.522290056
0,0,0,0,0,0,0,1,0,0,0,0,0,1,0,1,0,0,1,0,0.221564763
0,0,0,0,0,1,1,0,0,0,0,0,0,0,0,1,0,0,0,1,0.279131532
0,1,0,0,0,1,0,0,0,0,0,0,0,0,0,1,0,1,0,0,0.708403349
0,0,1,0,0,0,0,0,1,0,0,1,0,0,0,0,1,0,0,0,0.128883114
0,0,0,0,0,0,0,1,0,0,0,0,0,1,0,0,1,0,0,0,0.118220726
0,0,1,0,0,0,0,0,0,0,0,1,0,1,0,0,1,0,0,0,0.606596346
0,1,0,0,0,1,0,0,0,0,0,0,0,0,0,0,0,0,1,0,0.515704138
1,0,0,0,0,0,0,0,0,1,1,0,0,0,0,1,0,0,0,1,0.550192314
0,0,0,0,0,1,0,0,0,0,0,0,0,1,0,0,0,1,0,0,0.738832677
0,0,0,1,0,0,0,0,0,0,0,0,0,0,1,0,0,0,0,0,0.119473729
1,1,0,0,0,0,0,0,0,0,1,0,0,0,0,0,0,0,0,0,0.514069614
0,1,0,0,0,0,0,0,0,1,0,0,0,0,1,1,0,0,0,0,0.220558707
1,0,0,1,0,0,0,0,0,0,1,0,0,0,0,1,0,0,1,0,0.120544171
0,0,0,0,1,0,0,1,1,0,0,0,0,0,0,1,0,0,0,1,0.572898537
0,0,1,0,0,0,0,1,0,0,0,0,0,0,0,0,1,1,0,0,0.72682714
0,0,0,0,0,0,0,0,1,0,0,1,0,1,0,1,0,0,0,0,0.471142049
0,0,0,1,1,0,0,1,0,0,0,0,0,0,0,0,0,0,0,0,0.100216876
0,0,0,0,0,1,1,0,0,0,0,0,0,0,0,1,0,0,0,0,0.19044358
0,0,0,0,0,0,0,0,0,1,0,0,0,1,1,0,0,0,1,0,0.003711822
0,0,0,1,1,0,0,0,0,0,0,0,0,0,1,0,0,0,0,1,0.102582754
0,0,0,0,0,0,1,1,0,0,0,0,0,0,0,1,0,1,0,0,0.335419666
0,0,0,0,0,0,0,0,0,0,0,1,1,1,0,0,0,0,0,0,0.054291358
0,0,0,0,0,1,0,0,0,0,0,0,1,1,0,0,1,0,0,0,0.051551921
0,0,0,0,0,0,0,0,0,0,0,1,0,1,0,0,0,0,0,0,0.086069064
0,0,1,0,1,0,1,0,0,0,0,0,0,0,0,0,1,0,1,0,0.590400269
0,1,0,0,0,0,0,0,0,0,0,0,1,0,0,0,1,0,0,1,0.524310005
0,0,0,0,1,0,0,0,0,0,1,0,0,0,1,1,0,1,0,0,1.54E-01
0,0,0,0,1,0,0,0,0,0,1,1,0,0,0,0,1,0,0,0,0.515678853
0,1,0,1,0,0,0,0,0,0,1,0,0,0,0,0,1,0,0,0,0.553930399
0,0,0,1,0,0,0,1,0,1,0,0,0,0,0,0,0,0,0,0,0.097369679
0,0,0,0,0,0,0,0,0,1,1,1,0,0,0,1,0,0,1,0,0.644577861
0,0,0,0,0,0,0,0,1,0,0,0,1,0,0,0,0,0,0,1,7.31E-03
0,0,0,0,0,0,0,1,0,1,1,0,0,0,0,0,1,1,0,0,0.006518088
0,0,0,0,0,0,0,0,0,1,0,0,0,1,0,0,1,0,0,0,0.084542082
0,1,0,1,0,0,0,0,1,0,0,0,0,0,0,0,1,0,0,0,0.331028242
0,1,0,1,0,0,0,0,0,0,0,0,0,1,0,0,0,0,0,0,0.702980647
0,0,0,0,0,0,0,0,0,0,1,0,0,0,1,0,0,0,1,0,0.039776922
0,0,0,0,0,1,0,0,0,1,0,0,0,0,0,0,0,0,0,1,0.57191448
0,0,0,0,0,1,1,0,0,0,0,0,0,0,0,0,0,1,0,0,0.44647944
0,0,0,1,0,0,0,0,1,0,1,0,0,0,0,1,0,0,0,0,4.60E-02
0,0,0,0,1,0,0,0,0,0,1,0,0,0,0,0,0,0,0,0,0.066589646
0,0,0,0,0,1,0,0,1,0,0,0,0,1,0,0,1,0,0,0,5.31E-03
0,1,0,1,0,0,0,0,0,0,1,0,0,0,0,0,0,0,1,0,0.523956896
0,0,0,0,0,0,1,1,0,0,0,0,0,0,0,1,0,0,0,1,0.750980183
0,0,0,1,0,0,0,0,1,0,0,0,0,0,0,0,0,1,0,0,0.138582655
0,0,0,1,0,0,0,0,0,0,0,0,1,1,0,0,1,0,0,0,0.137321296
0,0,0,0,0,1,1,0,0,1,0,0,0,0,0,0,0,0,0,0,0.206704862
0,0,0,1,0,0,0,1,0,0,0,0,1,0,0,0,1,0,0,0,0.187905876
0,0,0,1,0,0,0,0,0,0,0,0,0,0,1,0,0,0,1,0,0.119372196
0,0,0,0,0,0,1,0,0,1,0,0,0,0,0,0,1,0,0,1,0.26520756
0,0,0,1,0,0,0,0,0,0,0,0,1,0,0,0,0,1,0,0,0.397773621
0,1,0,0,0,0,1,0,0,0,0,0,1,0,0,0,0,0,0,0,0.822085043
1,0,0,0,1,0,0,1,0,0,0,0,0,0,0,1,0,0,0,0,0.628417109
0,1,0,0,0,0,0,1,0,0,0,0,1,0,0,0,1,0,0,0,0.565380288
0,0,0,0,1,0,0,0,0,0,0,1,1,0,0,0,1,0,1,0,0.076455384
1,0,0,0,0,0,1,0,0,1,0,0,0,0,0,1,0,0,0,1,0.219346259
0,0,0,0,0,1,0,0,0,1,0,0,0,0,0,0,1,1,0,0,0.819045002
0,0,1,0,1,0,0,0,0,0,0,1,0,0,0,0,0,0,0,0,0.434730119
0,0,0,0,0,0,0,1,0,0,1,0,0,0,0,1,0,0,0,0,0.016473786
0,0,0,0,0,0,1,0,0,0,0,1,0,1,0,0,0,0,0,0,0.080473437
0,1,0,0,0,1,0,0,0,0,0,0,0,1,0,0,1,0,1,0,0.174320442
1,0,0,0,0,0,0,0,0,0,0,0,1,0,0,0,1,0,0,1,0.759955011
0,0,0,1,0,0,0,0,0,0,0,0,0,1,0,0,1,1,0,0,0.1534456
0,1,0,0,0,1,0,0,0,0,0,0,0,0,0,1,0,0,0,0,0.657237088
0,0,0,0,0,0,0,1,0,1,0,0,0,1,0,1,0,0,0,0,0.031056721
0,0,0,0,0,0,0,1,0,0,0,0,0,1,0,0,0,0,0,0,0.027988178
0,0,1,0,1,0,0,0,0,0,0,0,0,0,0,0,0,0,1,0,0.42551228
0,0,0,1,0,0,1,0,0,0,0,0,0,0,1,1,0,0,0,1,0.079097278
0,0,0,0,1,0,0,0,1,0,0,0,0,1,0,0,1,1,0,0,0.519132787
0,0,0,0,0,0,0,0,1,0,0,1,0,0,0,0,0,0,0,0,0.030507773
0,0,0,0,0,0,0,1,0,1,0,0,0,0,0,1,0,0,0,0,8.37E-02
0,0,0,1,0,0,0,1,0,0,0,0,0,1,0,1,0,0,0,0,0.094800341
0,0,1,1,0,0,0,0,0,0,0,0,0,0,0,0,1,0,1,0,0.751872835
0,0,0,0,1,0,0,0,0,0,1,0,1,0,0,1,0,0,0,1,0.630522499
0,1,0,0,1,0,0,0,0,1,0,0,0,0,0,1,0,1,0,0,0.4906461
0,0,0,0,0,0,1,0,0,1,0,0,0,0,1,1,0,0,0,0,2.62E-02
0,0,0,1,0,1,0,0,0,0,1,0,0,0,0,0,1,0,0,0,0.299531492
1,0,0,0,0,0,0,0,0,0,0,1,0,0,0,0,0,0,0,0,0.464522829
0,0,0,1,0,1,0,0,0,0,0,1,0,0,0,0,0,0,1,0,0.201557023
0,0,0,0,1,0,1,0,0,0,0,0,0,0,0,0,0,0,0,1,0.356395727
0,0,1,0,1,1,0,0,0,0,0,0,0,0,0,1,0,1,0,0,0.556378307
0,0,0,0,0,0,1,1,0,0,1,0,0,0,0,1,0,0,0,0,0.023364721
0,1,0,0,0,0,0,0,0,0,0,0,0,1,0,0,0,0,0,0,0.278319919
1,0,1,0,0,0,0,0,0,0,0,0,0,1,0,0,0,0,0,0,0.757746339
1,0,0,0,0,0,0,0,1,0,0,0,1,0,0,1,0,0,1,0,0.271130913
0,0,0,0,0,0,0,1,0,0,0,0,1,0,1,0,1,0,0,1,0.612163834
0,0,0,1,0,0,1,0,0,0,0,0,1,0,0,1,0,1,0,0,0.522559382
0,0,0,0,1,0,0,0,0,0,0,0,0,1,0,0,0,0,0,0,0.057514584
0,0,1,1,0,0,0,0,0,0,0,0,0,0,0,0,0,0,0,0,0.653349181
0,0,0,0,0,0,0,0,0,0,0,1,0,1,0,0,1,0,0,0,0.074247561
1,0,0,0,1,0,0,0,0,0,0,0,0,0,1,0,0,0,1,0,0.9001434
0,0,0,0,0,0,0,0,0,0,0,0,0,1,1,0,1,0,0,1,0.551084042
0,0,0,0,0,0,0,0,0,1,0,1,0,0,0,0,1,1,0,0,0.564926301
0,1,0,0,0,0,0,0,0,0,0,1,0,0,0,0,0,0,0,0,0.112643333
0,0,0,1,1,0,0,0,0,0,1,0,0,0,0,0,0,0,0,0,0.274742006
0,0,0,0,1,0,0,0,0,0,0,0,0,0,1,0,0,0,0,0,0.024755781
0,0,0,0,0,0,0,1,0,0,0,0,0,1,0,0,0,0,1,0,0.059323374
0,0,0,0,0,0,1,0,0,0,1,0,0,0,0,0,0,0,0,1,0.043352417
0,0,0,0,0,0,0,0,0,1,0,0,1,0,0,0,0,1,0,0,0.881349001
1,0,0,1,0,0,0,0,0,0,0,0,0,0,0,0,0,0,0,0,0.830387908
1,0,0,0,0,0,0,0,0,0,0,1,0,0,0,0,0,0,0,0,0.285866301
0,0,0,1,1,0,0,0,0,0,0,0,0,0,0,0,0,0,0,0,0.150566491
1,0,1,0,0,0,0,0,0,0,0,0,0,1,0,0,1,0,1,0,0.729448249
0,0,0,0,0,0,0,1,0,0,0,1,0,0,0,0,1,0,0,1,0.833665274
1,0,0,0,0,0,0,0,0,0,1,0,0,0,1,1,0,1,0,0,0.349097411
0,0,0,0,0,0,1,0,0,1,0,0,0,1,0,0,0,0,0,0,5.99E-03
0,0,0,0,0,0,1,0,0,0,0,0,0,0,1,0,1,0,0,0,3.54E-02
1,0,0,0,0,1,1,0,0,0,0,0,0,0,0,0,0,0,0,0,0.108874807
0,1,0,0,0,0,0,0,1,0,0,1,0,0,0,0,1,0,1,0,0.047070123
0,0,1,0,0,0,0,0,0,0,0,1,0,0,0,0,1,0,0,1,0.632793441
0,1,0,0,0,0,0,0,1,0,0,0,1,0,0,1,0,1,0,0,0.484281395
0,0,1,0,0,0,0,0,0,0,0,1,0,0,1,1,0,0,0,0,3.98E-01
1,0,0,0,0,0,0,0,0,0,0,0,1,0,0,1,0,0,0,0,0.509483617
1,0,0,0,0,0,0,0,0,0,1,0,0,0,1,0,1,0,0,0,0.601444804
0,0,0,0,0,0,1,0,0,1,0,0,0,0,1,0,1,0,1,0,0.014118963
1,0,0,0,0,0,1,0,0,0,0,0,0,0,1,0,0,0,0,1,0.571434125
1,0,0,0,0,0,1,0,0,0,0,0,0,0,0,1,0,1,0,0,0.753856877
0,0,0,0,1,0,0,0,1,0,0,0,0,0,0,0,1,0,0,0,6.96E-03
0,0,1,0,1,0,0,0,0,0,0,0,0,1,0,1,0,0,0,0,0.473784029
0,0,0,0,0,1,0,0,0,0,0,0,1,0,0,0,0,0,0,0,0.289019619
0,0,1,0,1,0,0,0,0,1,0,0,0,0,0,0,0,0,1,0,0.730125889
0,1,0,0,0,0,0,0,1,0,0,0,1,0,0,0,1,0,0,1,0.09137423
0,0,0,0,1,0,0,1,0,1,0,0,0,0,0,1,0,1,0,0,0.539860564
0,0,1,0,0,0,0,0,1,0,0,0,0,0,0,0,0,0,0,0,0.028857877
0,1,0,0,0,0,1,0,0,0,0,0,0,1,0,0,0,0,0,0,0.143925961
1,0,0,0,1,0,0,0,0,0,0,0,0,0,1,0,0,0,0,0,0.90162831
0,0,0,0,0,1,0,1,0,0,0,0,0,0,0,0,1,0,1,0,0.070683782
0,0,0,1,0,1,0,0,0,0,0,0,0,0,0,0,0,0,0,1,0.204410016
0,0,0,0,0,0,0,0,0,0,0,1,1,0,1,0,0,1,0,0,0.71998924
0,0,0,0,0,0,0,0,0,0,1,1,0,0,0,0,0,0,0,0,0.049205302
1,0,0,0,0,0,0,0,1,0,0,0,0,0,0,0,1,0,0,0,0.407563553
0,0,1,0,0,0,0,0,0,0,0,1,0,1,0,1,0,0,0,0,0.514818338
0,0,1,0,0,0,0,0,0,0,0,0,1,0,0,0,1,0,1,0,0.619700397
0,0,0,0,0,0,0,0,1,0,1,0,0,0,1,0,0,0,0,1,0.000371659
0,0,0,0,0,0,0,1,0,0,0,0,0,1,0,1,0,1,0,0,0.344552331
0,0,0,1,0,0,0,0,0,0,0,0,0,1,0,0,0,0,0,0,0.140847751
0,0,0,0,1,0,0,1,0,0,1,0,0,0,0,0,1,0,0,0,0.063514241
0,1,0,0,1,0,1,0,0,0,0,0,0,0,0,0,1,0,0,0,0.102006445
0,0,0,1,0,0,0,0,0,0,0,0,1,0,0,1,0,0,1,0,0.123168201
0,0,0,0,1,0,0,0,0,0,0,1,0,1,0,0,1,0,0,1,0.075111638
0,0,0,1,0,0,0,0,1,0,0,0,0,0,0,0,0,1,0,0,0.13237025
0,1,0,1,0,0,0,0,0,0,0,0,0,0,0,1,0,0,0,0,0.123165225
1,1,0,0,0,0,0,0,0,0,0,0,0,0,0,0,0,0,0,0,0.559312279
0,0,1,0,0,1,0,0,0,0,0,0,0,0,0,1,0,0,0,0,0.573818095
0,0,0,0,1,0,0,0,0,1,0,0,0,0,0,0,0,0,1,0,0.032403309
0,1,0,0,1,0,1,0,0,0,0,0,0,0,0,1,0,0,0,1,0.513396906
0,0,0,0,0,0,1,0,0,0,0,0,0,1,0,0,0,1,0,0,0.143436017
1,0,0,0,0,0,1,0,0,0,0,1,0,0,0,1,0,0,0,0,0.651587332
0,0,1,0,0,1,0,0,0,0,1,0,0,0,0,0,1,0,0,0,0.256894408
0,0,0,0,1,0,0,0,0,0,0,1,1,0,0,0,0,0,0,0,0.057723273
0,1,0,0,1,0,0,0,0,1,0,0,0,0,0,0,0,0,1,0,0.635977447
1,0,0,0,0,0,0,0,0,0,1,0,0,0,0,1,0,0,0,1,0.302406278
1,0,0,0,0,0,0,0,0,0,1,0,0,0,0,0,0,1,0,0,0.641762078
0,0,1,0,0,0,0,0,0,1,0,1,0,0,0,0,0,0,0,0,0.72335209
0,1,0,0,1,0,0,1,0,0,0,0,0,0,0,0,0,0,0,0,0.046827504
1,0,0,0,0,0,1,0,0,1,0,0,0,0,0,0,0,0,0,0,0.527761015
0,0,0,0,0,0,0,0,0,0,1,0,0,0,1,0,0,0,1,0,0.042356556
0,0,1,0,0,0,0,0,1,0,0,0,0,1,0,0,0,0,0,1,0.418095911
1,0,0,0,0,1,0,0,0,0,0,0,0,0,0,0,1,1,0,0,0.849373738
1,0,0,0,0,0,0,1,0,0,0,0,0,0,0,1,0,0,0,0,0.552760911
0,1,0,0,0,0,0,0,0,0,1,0,0,0,0,0,0,0,0,0,0.565217599
0,0,0,0,0,1,0,0,0,1,0,0,1,0,0,1,0,0,0,0,0.775254364
0,0,0,0,1,0,0,1,0,0,0,0,0,0,1,0,0,0,1,0,9.67E-03
1,0,1,0,0,0,0,0,0,1,0,0,0,0,0,1,0,0,0,1,0.69198445
0,0,0,0,0,0,0,0,0,1,1,0,0,0,0,0,0,1,0,0,0.022477793
1,0,0,0,0,0,0,0,0,0,1,1,0,0,0,1,0,0,0,0,0.03751354
0,0,0,0,0,0,1,0,0,0,0,0,0,1,1,0,0,0,0,0,0.013735159
0,0,0,0,0,0,1,0,0,0,0,0,0,1,0,0,0,0,0,0,0.091265797
0,0,1,0,0,0,0,1,0,0,0,0,0,0,0,1,0,0,1,0,0.601388355
0,1,0,0,0,0,0,0,1,1,0,0,0,0,0,1,0,0,0,1,0.272324896
0,1,0,0,0,1,0,1,0,0,0,0,0,0,0,0,1,1,0,0,0.045972255
1,0,0,0,0,0,0,0,0,0,0,0,1,0,0,1,0,0,0,0,0.185818734
0,0,0,0,0,0,0,0,1,0,0,1,0,0,1,0,1,0,0,0,0.028814196
0,0,0,0,1,0,0,0,1,0,0,1,0,0,0,0,1,0,0,0,0.028112064
0,0,0,0,0,0,1,0,1,0,0,0,0,0,1,1,0,0,1,0,1.87E-03
0,0,0,1,0,0,0,0,0,0,1,0,0,0,0,0,0,0,0,1,0.834674317
0,0,0,1,0,0,0,0,0,1,0,0,0,0,0,1,0,1,0,0,0.641489839
0,1,0,0,0,0,0,1,0,1,0,0,0,0,0,0,1,0,0,0,0.030996329
0,0,0,0,1,0,0,0,0,0,0,0,0,1,0,0,0,0,0,0,0.06799072
0,0,1,0,0,0,1,0,0,0,0,0,0,0,0,0,0,0,0,0,0.511388669
0,0,0,0,0,1,0,0,0,1,0,0,0,1,0,0,0,0,1,0,0.009498758
0,0,0,0,1,0,0,1,0,1,0,0,0,0,0,0,0,0,0,1,0.722460009
0,0,0,0,0,0,0,0,1,0,0,0,0,1,1,1,0,1,0,0,1.09E-03
0,0,1,0,0,0,1,0,1,0,0,0,0,0,0,0,0,0,0,0,0.424426759
0,0,0,0,0,0,0,0,0,0,1,0,0,0,1,1,0,0,0,0,1.11E-01
0,0,0,0,0,1,0,0,0,0,1,0,0,0,0,0,1,0,0,0,0.017811958
1,0,0,0,1,0,0,0,0,0,1,0,0,0,0,0,1,0,1,0,0.58819378
0,1,0,0,0,0,0,0,0,0,1,0,0,0,0,0,1,0,0,1,0.583636208
0,0,1,0,0,0,0,0,1,0,0,0,0,0,0,1,0,1,0,0,0.287901499
0,0,0,0,1,1,0,0,0,0,0,0,0,0,0,0,0,0,0,0,1.80E-01
0,0,0,0,0,0,1,0,0,1,0,0,0,0,1,0,1,0,0,0,0.010035864
0,0,0,1,1,0,0,0,1,0,0,0,0,0,0,0,0,0,0,0,0.074773744
0,0,0,1,0,0,0,0,0,1,0,0,0,0,0,0,0,0,1,0,0.138817704
0,0,0,1,0,0,0,0,0,0,0,0,0,1,0,1,0,0,0,1,0.146276565
0,0,0,1,0,1,0,0,0,0,0,0,0,0,1,0,1,1,0,0,0.09660866
0,1,0,1,0,0,0,0,1,0,0,0,0,0,0,0,1,0,0,0,0.261219807
0,0,0,1,0,1,1,0,0,0,0,0,0,0,0,0,0,0,0,0,0.152942026
0,1,0,0,0,0,1,0,0,0,0,0,0,0,0,0,0,0,0,0,8.85E-02
0,1,0,0,0,0,1,0,0,0,0,0,0,0,0,0,1,0,1,0,0.125819543
1,0,0,0,0,0,0,0,0,0,1,0,0,0,0,0,1,0,0,1,0.503445966
0,0,0,0,0,0,0,0,1,0,0,1,0,0,0,0,1,1,0,0,0.084225658
0,0,0,0,0,1,0,0,0,1,0,0,0,1,0,0,0,0,0,0,0.014282446
0,1,0,0,0,0,0,0,0,0,0,0,0,1,1,1,0,0,0,0,0.391889777
0,0,1,0,0,0,1,0,0,0,0,0,0,0,0,0,1,0,0,0,0.485438488
1,1,0,0,0,0,1,0,0,0,0,0,0,0,0,0,1,0,1,0,0.202499012
0,1,0,0,0,0,0,0,0,1,0,0,1,0,0,0,0,0,0,1,0.317296536
1,1,0,0,0,0,0,0,0,1,0,0,0,0,0,0,0,1,0,0,0.668957988
0,0,0,1,0,0,0,0,0,0,0,0,0,1,1,0,1,0,0,0,0.104235405
1,0,0,0,0,0,0,0,0,1,0,0,0,0,0,0,0,0,0,0,0.773136328
0,0,0,1,0,1,0,0,0,1,0,0,0,0,0,0,1,0,1,0,0.147160483
1,0,0,0,0,0,0,0,0,0,0,1,0,1,0,0,0,0,0,1,0.763688659
0,0,0,0,0,0,1,0,0,0,0,0,0,0,1,0,0,1,0,0,0.359935804
0,0,1,0,0,0,1,0,0,0,0,0,1,0,0,1,0,0,0,0,6.95E-02
0,1,0,0,0,0,0,0,0,0,0,0,0,1,0,0,1,0,0,0,0.317323755
1,0,0,0,1,0,0,0,1,0,0,0,0,0,0,1,0,0,0,0,0.438727942
1,0,0,1,0,0,0,0,0,0,0,0,0,0,0,1,0,0,1,0,0.486752813
0,0,0,0,1,0,0,0,0,0,1,0,0,1,0,0,1,0,0,1,0.315774528
0,0,0,0,1,0,0,0,0,0,0,0,0,0,1,0,1,1,0,0,0.831433776
0,0,0,0,0,1,0,0,0,0,0,0,0,1,0,0,0,0,0,0,0.261420757
0,1,0,0,0,1,0,1,0,0,0,0,0,0,0,0,0,0,0,0,0.05042755
0,1,0,0,0,0,0,0,0,0,1,0,0,0,0,0,0,0,0,0,0.181940491
0,0,0,0,0,0,1,0,0,0,0,1,0,0,0,1,0,0,1,0,0.734385625
1,0,0,1,0,0,1,0,0,0,0,0,0,0,0,0,0,0,0,1,0.087287636
0,1,0,1,0,0,1,0,0,0,0,0,0,0,0,0,0,1,0,0,0.08609095
0,0,1,0,0,0,1,0,1,0,0,0,0,0,0,1,0,0,0,0,0.035765811
0,0,1,0,0,0,0,1,0,0,0,0,0,0,0,1,0,0,0,0,0.684797714
0,0,0,0,0,0,0,0,0,1,0,0,0,1,1,0,0,0,0,0,0.00410381
0,1,0,1,0,0,0,0,0,0,0,0,1,0,0,0,1,0,1,0,0.824207205
0,1,0,0,0,0,0,0,0,0,1,1,0,0,0,1,0,0,0,1,0.436322949
0,0,0,0,0,1,0,0,1,0,0,0,0,0,1,1,0,1,0,0,4.38E-03
0,0,0,1,0,0,0,0,0,0,0,0,1,0,0,0,0,0,0,0,0.139740174
0,0,0,0,1,0,0,1,1,0,0,0,0,0,0,0,0,0,0,0,2.93E-03
1,0,1,1,0,0,0,0,0,0,0,0,0,0,0,1,0,0,0,0,0.384998422
0,0,0,1,0,1,0,1,0,0,0,0,0,0,0,0,1,0,1,0,0.1008751
0,0,0,0,0,1,0,0,0,0,0,0,0,0,0,1,0,0,0,0,0.435446372
0,0,0,0,0,0,1,0,0,0,0,0,0,0,0,1,0,0,0,0,1.22E-01
0,0,0,0,0,0,0,0,0,0,0,0,1,0,0,1,0,0,0,0,2.38E-01
0,1,0,0,0,0,0,0,0,0,0,0,0,0,0,1,0,0,0,0,0.711791947
0,0,0,0,0,0,0,0,0,1,0,0,0,0,0,1,0,0,0,0,0.606319681
0,0,0,0,0,0,0,0,0,0,0,0,0,1,0,1,0,0,0,0,1.44E-01
0,0,0,1,0,0,0,0,0,0,0,0,0,0,0,1,0,0,0,0,0.153372387
0,0,0,0,0,0,0,0,1,0,0,0,0,0,0,1,0,0,0,0,4.53E-03
0,0,0,0,0,0,0,0,0,0,0,0,0,0,1,1,0,0,0,0,5.43E-02
0,0,0,0,0,0,0,0,0,0,1,0,0,0,0,1,0,0,0,0,3.95E-01
0,0,0,0,0,0,0,1,0,0,0,0,0,0,0,1,0,0,0,0,1.36E-01
0,0,0,0,1,0,0,0,0,0,0,0,0,0,0,1,0,0,0,0,1.45E-01
0,0,1,0,0,0,0,0,0,0,0,0,0,0,0,1,0,0,0,0,0.590498244
0,0,0,0,0,0,0,0,0,0,0,1,0,0,0,1,0,0,0,0,0.561066307
1,0,0,0,0,0,0,0,0,0,0,0,0,0,0,1,0,0,0,0,0.882672076
1,0,0,1,0,0,0,0,0,0,0,0,0,0,0,0,1,0,1,0,0.247937478
0,1,0,1,0,0,0,0,0,0,0,0,0,0,0,0,1,0,0,1,0.177421326
0,0,1,0,0,0,0,0,0,1,0,0,0,0,0,1,0,1,0,0,0.673579489
1,0,0,0,0,0,0,0,0,0,0,1,0,0,0,0,1,0,0,0,0.831690393
1,0,0,0,0,0,0,0,0,0,0,0,0,1,0,0,1,0,0,0,0.908801643
0,0,0,0,0,1,0,0,0,0,1,0,0,0,0,0,0,0,0,0,0.032544342
1,0,0,0,0,0,0,0,0,0,0,0,0,1,0,1,0,0,1,0,0.252068406
0,0,1,0,0,0,0,0,0,0,1,0,0,0,0,0,1,0,0,1,0.828872368
0,0,0,1,0,0,0,0,0,0,0,1,0,0,0,0,1,1,0,0,0.149182058
0,0,0,0,1,1,0,0,0,0,0,0,0,0,0,0,1,0,0,0,2.51E-01
0,0,0,0,1,0,0,0,0,1,0,0,0,0,0,0,1,0,0,0,0.42060405
0,0,0,0,0,0,0,1,0,0,0,0,1,0,0,1,0,0,0,0,0.624795422
0,1,0,0,0,0,0,1,0,0,0,0,0,0,0,1,0,0,1,0,0.501519014
1,0,0,0,0,1,0,0,0,0,0,0,0,0,0,1,0,0,0,1,0.041401744
0,0,0,1,0,1,0,0,0,0,0,0,0,0,0,1,0,1,0,0,0.152702033
0,0,1,0,0,0,0,1,0,0,0,0,0,0,0,0,0,0,0,0,0.388352663
1,0,0,0,0,0,0,0,0,0,0,0,0,1,0,0,0,0,0,0,0.908994535
0,0,1,0,0,0,0,0,0,0,0,1,0,0,0,1,0,0,0,0,0.61198844
0,0,0,0,1,0,0,0,0,0,0,0,0,1,0,0,1,0,1,0,0.04715809
0,0,0,0,0,1,0,0,0,0,0,1,0,0,0,0,0,0,0,1,0.485535319
1,0,0,0,0,1,0,0,0,0,0,0,0,0,0,0,0,1,0,0,0.800118392
0,1,0,1,0,0,0,0,0,0,0,0,0,0,0,0,0,0,0,0,0.156729955
0,0,0,1,1,0,0,0,0,0,0,0,0,0,0,0,1,0,0,0,0.145817705
0,0,0,1,0,0,0,0,0,0,1,0,0,0,0,1,0,0,0,0,0.579952973
1,0,1,0,0,0,0,0,0,0,0,0,0,0,0,0,1,0,1,0,0.600272839
0,0,1,0,0,0,0,0,0,0,0,0,0,1,0,0,1,0,0,1,0.880368872
0,0,0,0,1,0,0,0,0,0,0,1,0,0,0,0,0,1,0,0,0.133797451
0,0,0,0,0,0,0,0,0,0,1,0,1,0,0,0,0,0,0,0,0.178239718
0,1,0,0,0,0,0,0,0,0,1,0,0,0,0,1,0,0,0,0,0.382449306
0,1,0,0,0,0,0,0,0,0,0,0,0,0,1,1,0,0,0,0,0.464360164
0,0,0,0,1,1,0,0,0,0,0,0,0,0,0,1,0,0,1,0,1.27E-01
0,0,0,0,0,0,0,0,0,0,1,1,0,0,0,1,0,0,0,1,0.703586519
0,0,0,0,1,0,0,0,0,0,0,1,0,0,0,0,1,1,0,0,0.172511456
0,1,0,0,1,0,0,0,0,0,0,0,0,0,0,1,0,0,0,0,0.68781203
0,1,0,0,0,0,0,0,0,1,0,0,0,0,0,1,0,0,0,0,0.410572412
1,0,1,0,0,0,0,0,0,0,0,0,0,0,0,0,0,0,0,0,0.649672791
1,0,0,0,1,0,0,0,0,0,0,0,0,0,0,1,0,0,1,0,0.1034186
0,0,1,1,0,0,0,0,0,0,0,0,0,0,0,1,0,0,0,1,0.071718501
0,1,0,0,0,0,0,0,0,1,0,0,0,0,0,0,0,1,0,0,0.522665841
0,0,0,0,1,0,0,1,0,0,0,0,0,0,0,0,1,0,0,0,0.146627476
0,0,0,0,0,0,0,1,0,0,0,0,0,0,1,0,1,0,0,0,0.016950155
0,0,0,0,1,0,0,0,0,0,1,0,0,0,0,0,1,0,0,0,0.179568245
0,0,0,0,0,0,0,0,0,1,0,0,1,0,0,0,1,0,1,0,0.023134901
0,1,0,0,0,0,0,0,0,0,0,0,0,1,0,1,0,0,0,1,0.632735466
0,0,0,0,1,0,0,1,0,0,0,0,0,0,0,0,0,1,0,0,0.383044085
0,0,0,0,0,0,1,0,0,0,0,0,1,0,0,1,0,0,0,0,0.263013947
0,0,0,0,0,0,0,0,0,0,1,0,0,1,0,0,0,0,0,0,0.120986197
0,0,0,0,0,0,0,1,0,0,1,0,0,0,0,0,0,0,0,0,0.115049309
0,1,0,0,1,0,0,0,0,0,0,0,0,0,0,0,1,0,1,0,0.361412849
0,0,0,0,0,0,0,0,0,1,0,0,0,1,0,0,0,0,0,1,0.142002801
0,0,0,1,0,0,1,0,0,0,0,0,0,0,0,0,1,1,0,0,0.158547989
0,0,1,0,0,0,0,0,0,0,0,0,0,0,1,1,0,0,0,0,0.362958982
0,0,0,0,0,0,0,0,0,0,0,1,0,0,1,1,0,0,0,0,0.317228726
0,1,0,0,0,0,0,0,1,0,0,0,0,0,0,1,0,0,0,0,0.239741926
0,1,0,0,0,0,0,0,1,0,0,0,0,0,0,0,1,0,1,0,0.045166027
0,1,1,0,0,0,0,0,0,0,0,0,0,0,0,0,1,0,0,1,0.512419
0,0,0,0,0,0,1,0,0,1,0,0,0,0,0,1,0,0,1,0,0.465900716
1,0,1,0,0,0,0,0,0,0,0,0,0,1,0,0,1,0,0,1,0.261224917
1,0,0,0,0,0,0,0,1,0,0,0,1,0,0,1,0,1,0,0,0.61375985
0,0,0,0,1,0,0,0,0,0,0,1,0,0,0,0,0,0,0,0,0.890804717
0,1,0,0,0,0,0,1,1,0,0,0,0,0,0,1,0,0,0,0,0.180422855
0,0,0,0,0,0,0,0,1,0,0,0,1,0,0,1,0,0,0,0,0.737883682
1,0,0,0,1,0,0,0,1,0,0,0,0,0,0,0,1,0,1,0,0.015015277
0,0,0,0,0,0,0,0,1,0,0,0,0,0,1,1,0,0,0,1,3.62E-04
0,0,1,0,0,0,0,1,0,1,0,0,0,0,0,0,1,1,0,0,0.027064532
1,1,0,0,1,0,0,0,0,0,0,0,0,0,0,0,1,0,0,0,0.105984834
0,0,0,0,0,0,1,0,0,0,0,1,0,1,0,0,1,0,0,0,0.371620059
0,0,0,0,0,1,0,0,1,0,0,0,1,0,0,0,0,0,0,0,1.94E-03
0,0,0,0,0,0,0,0,0,1,1,0,0,0,0,0,0,0,1,0,1.57E-01
0,1,0,0,0,0,1,0,0,0,0,0,1,0,0,1,0,0,0,1,0.474692933
0,0,0,0,0,0,1,0,0,0,0,1,0,0,0,1,0,1,0,0,0.651183367
0,0,0,1,0,0,0,0,0,0,0,1,0,0,0,1,0,0,0,0,0.673964481
0,0,0,1,0,0,0,1,0,0,1,0,0,0,0,0,0,0,0,0,0.055962886
0,0,0,0,1,0,0,0,0,0,0,0,0,1,0,1,0,0,0,0,3.70E-02
0,0,1,1,0,0,0,0,1,0,0,0,0,0,0,1,0,0,1,0,4.95E-01
0,0,1,0,0,0,0,1,1,0,0,0,0,0,0,0,1,0,0,1,0.489585959
0,0,1,0,0,0,0,1,0,0,1,0,0,0,0,1,0,1,0,0,0.479289559
0,0,1,1,0,0,0,0,1,0,0,0,0,0,0,0,1,0,0,0,2.97E-01
1,0,0,0,1,0,0,0,0,1,0,0,0,0,0,0,0,0,0,0,0.65908288
0,1,0,0,1,0,0,0,0,0,0,0,0,0,0,0,0,0,0,0,1.00E-01
0,0,0,0,0,0,0,0,0,0,0,0,1,1,0,0,1,0,1,0,8.39E-02
1,0,0,0,0,0,0,0,0,1,0,0,0,0,1,1,0,0,0,1,0.695798626
0,0,0,0,0,0,0,1,0,0,1,0,0,0,0,0,1,1,0,0,0.398247576
0,1,0,0,1,0,0,0,0,0,0,0,0,1,0,0,1,0,0,0,0.130434341
0,0,0,1,0,0,0,0,0,1,0,0,0,0,0,1,0,0,0,0,0.676747322
0,0,1,0,0,0,0,0,0,0,1,0,0,0,0,1,0,0,0,0,0.014046583
0,0,0,0,0,0,0,0,0,1,0,0,0,1,0,0,0,0,1,0,0.012834311
0,0,0,0,0,0,0,0,0,0,0,0,0,1,1,1,0,0,0,1,1.56E-02
0,0,1,0,0,0,0,0,0,0,0,1,0,0,1,1,0,1,0,0,0.624151265
1,0,0,0,0,0,0,0,0,0,1,1,0,0,0,0,1,0,0,0,0.574717507
0,0,0,1,1,0,0,0,0,0,0,0,0,1,0,0,1,0,0,0,0.999999987
0,1,0,0,0,0,0,0,0,0,0,0,1,0,0,0,1,0,0,0,0.529451023
0,0,0,0,0,0,1,0,1,0,0,0,0,0,0,0,0,0,1,0,1.85E-02
0,0,1,1,0,0,0,0,0,0,0,0,0,0,0,0,1,0,0,1,0.685776775
0,0,0,0,0,0,0,1,0,1,0,0,0,0,1,1,0,1,0,0,0.59020788
0,1,0,1,0,0,0,0,1,0,0,0,0,0,0,0,0,0,0,0,0.13763269
0,0,1,1,0,0,0,0,0,0,0,0,0,0,0,0,1,0,0,0,0.667675565
0,0,0,0,1,0,0,0,0,0,0,0,1,0,0,0,0,0,0,0,0.684222524
0,0,0,0,0,1,0,0,1,0,0,0,0,0,0,1,0,0,1,0,8.63E-02
0,1,0,0,0,0,0,0,0,0,0,0,0,1,0,0,1,0,0,1,0.539622893
0,1,0,1,0,0,1,0,0,0,0,0,0,0,0,1,0,1,0,0,0.22031818
0,0,0,0,0,1,1,0,0,0,0,0,1,0,0,1,0,0,0,0,0.061880923
0,0,0,1,0,0,1,0,0,0,1,0,0,0,0,0,0,0,0,0,0.813653308
1,0,0,0,0,0,0,0,1,0,0,0,0,0,0,0,0,0,0,0,0.007405889
0,0,0,0,1,0,0,0,1,0,0,1,0,0,0,0,1,0,1,0,0.298450261
0,0,0,0,1,0,0,0,0,0,0,1,0,0,0,0,0,0,0,1,0.749174823
0,1,0,0,0,0,0,1,0,0,0,0,0,0,0,0,0,1,0,0,0.067288444
1,0,1,0,0,0,0,0,1,0,0,0,0,0,0,1,0,0,0,0,0.421103662
0,0,1,0,1,0,0,0,0,0,0,1,0,0,0,0,1,0,0,0,0.799049407
0,0,0,0,0,0,0,1,0,0,0,0,0,0,1,1,0,0,0,0,1.53E-02
0,1,0,0,0,0,1,0,0,1,0,0,0,0,0,1,0,0,1,0,0.268355059
0,0,0,0,1,0,0,1,0,0,0,0,0,0,0,0,1,0,0,1,0.964257009
0,0,0,0,0,0,0,0,1,0,0,0,0,1,0,0,1,1,0,0,0.456487355
0,0,0,0,0,0,0,1,0,0,1,0,0,0,1,0,1,0,0,0,0.014640383
0,0,0,1,0,0,0,1,0,0,0,0,1,0,0,0,0,0,0,0,0.831181751
0,1,0,0,0,0,0,0,0,0,0,1,0,1,0,1,0,0,0,0,0.64674138
0,0,0,0,0,0,0,0,0,1,0,0,1,0,1,0,0,0,1,0,0.404988204
0,0,0,0,0,0,1,0,1,0,0,0,0,1,0,0,1,0,0,1,9.94E-03
0,0,0,0,0,1,0,1,0,0,0,0,0,0,1,0,1,1,0,0,0.434597562
1,0,0,0,0,0,0,1,0,0,0,0,1,0,0,0,0,0,0,0,0.438313819
0,0,0,0,0,0,1,0,0,0,0,1,0,0,0,0,0,0,0,0,0.506858798
0,0,0,0,0,0,0,1,0,0,1,0,1,0,0,0,1,0,0,0,1.01E-21
0,0,0,0,1,1,0,0,0,1,0,0,0,0,0,0,0,0,1,0,0.017800239
0,0,0,0,1,0,0,0,1,0,0,0,0,0,0,0,1,0,0,1,0.050621797
1,0,1,0,0,0,0,0,0,0,0,0,0,0,0,0,1,1,0,0,0.618494684
0,0,0,0,0,0,1,0,0,0,1,0,0,0,0,0,1,0,1,0,0.037400688
0,0,0,1,0,0,0,0,1,0,0,0,0,0,0,0,1,0,0,1,0.092882486
0,0,0,0,0,0,1,0,0,0,1,0,0,0,0,1,0,1,0,0,4.36E-02
0,0,0,1,0,0,0,0,0,0,0,0,0,1,0,0,1,0,0,0,0.116880486
0,1,0,0,0,1,0,0,0,0,0,0,1,0,0,0,1,0,0,0,0.897294772
0,1,0,0,0,0,0,0,1,0,0,1,0,0,0,0,1,0,0,0,0.224843496
0,0,0,1,0,0,0,1,0,0,0,0,0,0,0,0,1,0,1,0,0.111046088
1,0,0,0,0,0,0,0,0,0,1,0,1,0,0,0,0,0,0,1,0.907665063
0,1,0,0,0,0,0,0,0,0,0,0,1,0,1,0,1,1,0,0,0.507110976
0,0,1,0,0,0,0,0,0,0,0,0,0,0,1,0,0,0,0,0,0.459788136
0,0,0,0,1,0,1,0,0,0,1,0,0,0,0,0,0,0,0,0,0.013044286
0,0,0,0,0,0,0,0,0,0,0,1,0,0,1,0,0,0,0,0,0.321223479
1,1,0,0,0,0,0,0,0,0,0,1,0,0,0,1,0,0,1,0,0.560522179
0,0,0,0,0,1,0,0,0,0,1,0,0,0,0,0,1,0,0,1,0.268043839
0,0,0,1,0,0,0,0,0,0,0,0,1,0,0,0,1,1,0,0,0.81370155
0,1,0,1,0,0,0,0,0,1,0,0,0,0,0,1,0,0,0,0,0.103211105
0,0,0,0,0,1,0,0,0,0,1,0,1,0,0,1,0,0,0,0,1.29E-01
1,0,0,0,0,0,1,0,0,0,0,0,0,0,1,0,1,0,0,0,0.373276959
0,0,1,0,0,0,0,0,0,0,0,0,0,0,1,0,1,0,1,0,0.175793241
0,0,0,0,0,1,0,1,0,0,0,0,0,1,0,0,1,0,0,1,0.662908708
0,0,0,0,0,0,1,0,0,1,0,0,0,1,0,0,1,1,0,0,0.248085795
0,0,0,0,0,0,1,0,0,1,0,0,0,1,0,0,1,0,0,0,3.18E-02
0,0,1,0,0,0,0,1,0,0,0,0,0,1,0,1,0,0,0,0,0.441863149
0,0,0,0,0,0,0,0,0,0,1,0,1,0,1,0,0,0,0,0,0.000885881
0,0,0,0,0,0,0,0,1,0,0,0,0,0,1,1,0,0,1,0,1.42E-04
1,0,0,0,0,0,0,1,1,0,0,0,0,0,0,1,0,0,0,1,0.627140189
1,0,0,0,0,0,0,1,0,1,0,0,0,0,0,0,0,1,0,0,0.618661076
0,0,1,0,0,0,1,0,0,0,0,1,0,0,0,0,1,0,0,0,0.026439928
0,0,0,0,0,0,0,0,0,1,0,0,0,1,0,1,0,0,0,0,0.765541757
0,0,0,0,0,0,0,1,1,0,0,0,0,0,0,1,0,0,0,0,1.77E-03
0,0,1,0,0,1,0,1,0,0,0,0,0,0,0,1,0,0,1,0,0.444486688
0,0,0,0,0,0,1,0,0,0,1,0,0,1,0,0,1,0,0,1,2.99E-02
0,0,0,0,0,0,0,0,0,0,0,0,1,1,1,1,0,1,0,0,1.05E-01
0,0,0,1,0,0,1,0,0,0,1,0,0,0,0,1,0,0,0,0,0.043991551
0,0,0,0,0,0,0,0,0,0,0,0,1,1,0,1,0,0,0,0,0.650469681
1,1,0,0,0,0,0,0,0,0,0,0,0,1,0,1,0,0,0,0,0.600844823
0,1,0,0,0,0,0,0,0,0,0,0,1,0,0,0,1,0,1,0,0.727930511
1,0,0,0,0,0,0,0,0,0,0,0,0,0,1,0,0,0,0,1,0.788374717
1,1,0,0,0,0,0,0,0,0,0,0,0,0,0,0,1,1,0,0,0.068378348
1,1,0,1,0,0,0,0,0,0,0,0,0,0,0,0,1,0,0,0,0.770192658
1,1,0,1,0,0,0,0,0,0,0,0,0,0,0,0,1,0,0,0,0.792257811
1,1,0,1,0,0,0,0,0,0,0,0,0,0,0,0,1,0,0,0,0.801818262
0,1,0,1,0,0,0,0,0,0,0,0,0,0,0,0,1,0,1,0,0.577992134
0,0,0,0,0,0,0,0,0,0,0,0,1,0,1,0,0,0,0,1,0.963677474
1,0,0,1,0,0,0,0,0,0,0,0,0,0,0,0,1,1,0,0,0.852482994
1,1,0,1,0,0,0,0,0,0,0,0,0,0,0,0,1,0,0,0,0.818828441
1,1,0,1,0,0,0,0,0,0,0,0,0,0,0,0,1,0,0,0,0.791422126
1,1,0,1,0,0,0,0,0,0,0,0,0,0,0,0,1,0,0,0,0.764130697
0,0,0,1,0,0,0,0,0,0,0,0,1,0,0,0,1,0,1,0,0.796806725
1,0,0,0,0,0,0,0,0,0,0,0,1,0,0,0,0,0,0,1,0.996546681
0,0,0,0,0,0,0,0,0,0,0,1,0,1,0,0,1,0,1,0,0.120761602
0,0,1,0,0,0,0,0,0,0,1,0,0,0,0,0,0,0,0,1,0.537946835
0,1,0,1,0,0,0,0,0,0,0,0,0,0,0,0,1,1,0,0,0.606980309
1,0,0,0,0,0,0,0,0,0,0,1,0,0,0,0,1,0,1,0,0.382351632
0,0,1,1,0,0,0,0,0,0,0,0,0,0,0,0,0,0,0,1,0.7470982
1,0,0,0,0,0,0,0,0,0,0,1,0,0,0,0,1,1,0,0,0.356551304
0,1,0,1,0,0,0,0,0,0,0,0,1,0,0,0,1,0,0,0,0.939913453
1,0,0,0,0,0,0,0,0,0,0,0,1,0,1,0,0,0,0,0,0.971197269
1,0,0,0,0,0,0,0,0,0,0,1,0,1,0,0,1,0,0,0,0.128437588
1,0,0,0,0,0,0,0,0,0,0,0,0,1,0,0,1,0,1,0,0.858824796
1,0,0,0,0,0,0,0,0,0,0,0,0,1,0,1,0,0,0,1,0.644331863
0,0,0,0,0,0,0,1,0,0,0,0,1,0,0,0,0,1,0,0,0.942348116
0,0,1,1,0,0,0,0,0,0,1,0,0,0,0,0,0,0,0,0,0.564351077
1,0,0,0,0,0,0,1,0,0,0,0,0,1,0,1,0,0,0,0,0.327109378
0,0,1,1,0,0,0,0,0,0,1,0,0,0,0,0,1,0,0,0,0.481415197
0,0,0,0,0,1,0,0,0,1,0,0,0,0,0,0,1,0,1,0,0.030322463
1,0,0,0,0,0,0,1,0,0,0,0,0,0,0,1,0,0,0,1,0.878832601
0,0,0,0,0,0,0,1,1,0,0,0,0,0,0,0,0,1,0,0,0.069752857
1,0,0,1,0,0,0,0,0,0,0,1,0,0,0,0,1,0,0,0,0.643199662
0,0,0,0,1,1,0,0,0,1,0,0,0,0,0,0,1,0,0,0,0.052873474
0,0,1,0,0,0,0,1,1,0,0,0,0,0,0,0,1,0,0,0,0.521545862
0,0,0,0,1,1,0,0,0,0,0,0,0,0,0,0,1,0,1,0,2.42E-01
0,0,0,1,0,0,0,0,0,0,1,0,0,0,0,0,1,0,0,1,0.596519594
0,0,0,0,0,0,0,0,1,0,0,0,1,0,0,0,0,1,0,0,0.971335721
1,0,0,1,0,1,0,0,0,0,0,0,0,0,0,1,0,0,0,0,0.444102824
1,0,0,0,0,0,0,0,0,0,1,0,1,0,0,0,0,0,0,0,0.90028058
0,0,0,0,0,1,0,1,0,0,0,0,0,1,0,0,1,0,0,0,0.043079875
0,0,0,0,1,0,0,0,0,1,0,0,0,0,0,0,1,0,1,0,0.018619505
0,0,1,0,0,0,0,1,0,0,0,0,0,0,0,0,1,0,0,1,0.206713723
0,0,0,0,0,0,0,1,0,0,1,0,0,0,0,1,0,1,0,0,0.047193627
1,0,0,0,0,1,0,0,0,0,1,0,0,0,0,1,0,0,0,0,0.172808819
1,0,0,0,0,0,0,0,0,0,0,1,0,1,0,0,0,0,0,0,0.318940773
0,0,0,0,1,1,0,0,0,1,0,0,0,0,0,0,0,0,0,0,0.017691529
1,0,0,0,0,0,0,0,0,0,1,0,0,0,0,1,0,0,1,0,0.392550154
0,0,1,0,0,0,0,0,1,0,0,0,0,0,0,0,1,0,0,1,0.424955539
0,0,1,0,0,0,0,1,0,0,0,0,0,0,0,1,0,1,0,0,0.446568472
0,0,0,0,0,0,0,1,1,0,0,0,1,0,0,0,0,0,0,0,1.87E-02
1,0,0,1,1,0,0,0,0,0,0,0,0,0,0,0,1,0,0,0,0.946672829
1,0,0,0,0,0,0,1,1,0,0,0,0,0,0,1,0,0,0,0,0.396519032
1,0,0,0,0,1,0,0,0,0,0,0,0,0,0,1,0,0,1,0,0.853909463
0,0,0,0,0,0,0,1,1,0,0,0,0,0,0,0,1,0,0,1,0.740066819
0,0,1,0,0,0,0,0,0,0,1,0,0,0,0,1,0,1,0,0,0.312551069
1,0,0,1,0,0,0,0,0,0,1,0,0,0,0,1,0,0,0,0,0.464190943
1,0,1,0,0,0,0,0,0,0,0,0,0,1,0,0,1,0,0,0,0.503728888
0,0,1,0,0,0,0,1,0,0,1,0,0,0,0,1,0,0,0,0,0.031442017
0,0,0,0,0,1,0,0,0,0,1,0,0,0,0,1,0,0,1,0,1.40E-01
0,0,0,1,0,1,0,0,0,0,0,0,0,0,0,1,0,0,0,1,0.237088606
0,0,0,0,1,1,0,0,0,0,0,0,0,0,0,1,0,1,0,0,1.54E-01
0,1,0,0,0,0,0,0,0,0,1,0,0,0,1,1,0,0,0,0,5.88E-03
1,0,0,0,0,0,0,1,0,0,0,0,0,1,0,0,1,0,0,0,0.427627306
0,0,1,0,1,1,0,0,0,0,0,0,0,0,0,1,0,0,0,0,0.549418233
0,0,0,0,0,1,0,0,0,1,0,0,0,0,0,0,0,0,1,0,0.023629199
1,0,0,1,0,0,0,0,0,0,0,0,0,0,0,1,0,0,0,1,0
0,0,0,0,0,0,0,0,0,0,1,0,0,0,1,1,0,0,1,0,1.80E-01
0,0,0,1,0,0,1,0,0,0,0,0,1,0,0,1,0,0,0,1,0.568830937
0,1,1,0,0,0,0,0,0,0,0,0,0,0,0,0,1,1,0,0,0.40039671
0,0,0,1,0,0,0,0,0,0,0,0,0,1,1,0,0,0,0,0,0.088254907
0,0,0,0,0,1,0,1,0,0,0,0,0,0,0,0,1,0,0,0,0.193031206
0,1,0,0,0,0,0,0,0,0,0,1,0,0,1,0,0,0,0,0,0.368861076
0,0,0,1,0,0,1,0,0,0,0,0,1,0,0,0,1,0,1,0,0.126180361
0,0,1,0,0,0,0,1,0,0,0,0,0,0,0,1,0,0,0,1,0.579451516
0,0,0,0,0,0,1,0,1,0,0,0,0,0,1,0,0,1,0,0,0.026368215
0,1,0,0,0,0,1,0,0,0,0,1,0,0,0,1,0,0,0,0,0.761368076
0,0,0,0,0,0,0,1,1,0,0,0,0,1,0,0,1,0,0,0,1.85E-03
0,0,0,0,0,0,1,0,1,0,0,0,0,0,1,0,0,0,0,0,1.76E-03
0,1,0,0,1,0,0,0,0,0,0,0,1,0,0,0,1,0,1,0,0.631087149
1,0,0,0,0,1,1,0,0,0,0,0,0,0,0,0,0,0,0,1,0.597936114
0,0,1,0,1,0,0,0,0,0,0,0,1,0,0,0,0,1,0,0,0.810950587
1,0,0,0,1,0,0,0,0,0,0,0,0,0,0,1,0,0,0,0,0.691637451
0,1,0,0,0,0,0,0,0,0,0,0,0,0,1,0,0,0,0,0,0.653070316
1,0,0,0,0,0,0,0,0,1,0,1,0,0,0,1,0,0,0,0,0.631832307
0,1,0,0,0,0,0,1,0,0,0,0,0,1,0,0,0,0,1,0,0.433603746
0,0,1,0,0,1,0,0,0,1,0,0,0,0,0,1,0,0,0,1,0.598492071
0,1,0,0,1,0,0,0,0,0,0,0,0,0,0,1,0,1,0,0,0.707983926
0,0,0,0,0,1,0,0,0,0,0,0,1,0,0,0,1,0,0,0,0.335105553
0,0,0,0,0,1,1,0,0,0,0,1,0,0,0,0,1,0,0,0,0.133126681
1,1,0,0,0,0,0,0,0,0,0,1,0,0,0,0,0,0,0,0,0.695357179
0,0,0,0,0,0,1,0,0,0,1,0,1,0,0,0,1,0,1,0,0.006856923
0,0,1,0,0,1,0,0,0,0,0,0,0,1,0,0,1,0,0,1,0.680824459
0,1,0,0,0,0,1,1,0,0,0,0,0,0,0,0,0,1,0,0,0.054873313
0,0,0,0,0,0,1,0,0,0,1,0,1,0,0,0,1,0,0,0,0.001159788
0,0,1,0,0,1,0,0,0,0,0,0,0,1,0,0,1,0,0,0,0.742972607
0,1,0,0,0,0,1,1,0,0,0,0,0,0,0,0,0,0,0,0,0.048725924
1,0,0,0,1,0,0,0,1,0,0,0,0,0,0,1,0,0,1,0,0.53019499
0,0,1,0,0,0,1,0,0,0,0,0,1,0,0,0,1,0,0,1,0.930802633
0,0,0,0,1,0,0,0,0,0,0,0,0,1,1,0,1,1,0,0,0.82534608
1,0,0,0,1,0,0,0,1,0,0,0,0,0,0,1,0,0,0,0,0.539176549
0,0,1,0,0,0,1,0,0,0,0,0,1,0,0,0,1,0,0,0,0.849485119
0,0,0,0,1,0,0,0,0,0,0,0,0,1,1,0,1,0,0,0,2.60E-02
0,1,0,0,0,0,0,1,0,0,0,0,0,0,1,1,0,0,1,0,0.311958751
0,1,0,0,0,0,1,0,0,0,0,0,0,1,0,0,1,0,0,1,0.054032287
0,0,0,0,0,0,0,0,1,0,1,0,1,0,0,0,1,1,0,0,3.01E-05
0,1,0,0,0,0,0,1,0,0,0,0,0,0,1,1,0,0,0,0,0.28636044
0,1,0,0,0,0,1,0,0,0,0,0,0,1,0,0,1,0,0,0,7.01E-02
0,0,0,0,0,0,0,0,1,0,1,0,1,0,0,0,1,0,0,0,1.05E-03
0,0,1,0,0,1,0,0,0,0,1,0,0,0,0,1,0,0,1,0,0.02432433
0,0,0,1,0,0,0,1,0,1,0,0,0,0,0,0,1,0,0,1,0.08912977
0,0,0,0,0,0,0,0,0,1,0,0,1,1,0,0,1,1,0,0,0.912181991
0,0,1,0,0,1,0,0,0,0,1,0,0,0,0,1,0,0,0,0,0.027418726
0,0,0,0,0,0,0,0,0,1,1,0,0,1,0,0,0,0,1,0,1.16E-03
1,0,0,0,0,1,0,0,0,1,0,0,0,0,0,1,0,0,0,1,0.635406877
1,0,1,0,0,0,0,0,0,0,0,1,0,0,0,0,0,1,0,0,0.742074574
0,0,0,0,0,0,0,0,0,1,1,0,0,1,0,0,0,0,0,0,1.16E-03
1,0,0,0,0,1,0,0,0,1,0,0,0,0,0,1,0,0,0,0,0.639845322
1,0,1,0,0,0,0,0,0,0,0,1,0,0,0,0,0,0,0,0,0.684799771
0,1,0,0,0,0,1,0,0,1,0,0,0,0,0,1,0,0,1,0,0.194321595
0,0,0,0,0,1,0,1,0,0,0,1,0,0,0,0,1,0,0,1,0.707576995
0,0,0,0,0,0,1,0,0,0,1,0,1,0,0,0,0,1,0,0,0.005610563
0,1,0,0,0,0,1,0,0,1,0,0,0,0,0,1,0,0,0,0,0.853678117
0,0,0,0,0,1,0,1,0,0,0,1,0,0,0,0,1,0,0,0,0.112615763
0,0,0,0,0,0,1,0,0,0,1,0,1,0,0,0,0,0,0,0,0.003708033
1,0,0,0,0,0,0,0,1,0,0,1,0,0,0,0,0,0,1,0,0.040592884
0,0,0,0,1,1,0,1,0,0,0,0,0,0,0,1,0,0,0,1,0.581908924
0,0,1,0,0,0,0,0,0,0,0,0,0,1,1,0,1,1,0,0,0.717021277
1,0,0,0,0,0,0,0,1,0,0,1,0,0,0,0,0,0,0,0,0.063718966
0,0,0,0,1,1,0,1,0,0,0,0,0,0,0,1,0,0,0,0,7.63E-02
0,0,1,0,0,0,0,0,0,0,0,0,0,1,1,0,1,0,0,0,0.669432178
0,0,0,0,0,0,1,0,0,1,0,0,0,0,1,0,1,0,1,0,0.012331288
1,0,0,0,1,0,0,0,0,0,1,0,0,0,0,1,0,0,0,1,0.158650463
0,1,1,0,0,0,1,0,0,0,0,0,0,0,0,0,1,1,0,0,0.010846244
0,0,0,0,0,0,1,0,0,1,0,0,0,0,1,0,1,0,0,0,0.035845542
1,0,0,0,1,0,0,0,0,0,1,0,0,0,0,1,0,0,0,0,0.532886289
0,1,1,0,0,0,1,0,0,0,0,0,0,0,0,0,1,0,0,0,0.357052757
0,0,0,1,0,0,0,1,0,1,0,0,0,0,0,0,0,0,1,0,0.097137429
1,0,0,0,1,0,0,0,0,0,0,0,1,0,0,1,0,0,0,1,0.47102745
0,0,0,1,1,1,0,0,0,0,0,0,0,0,0,0,0,1,0,0,0.137089214
0,0,0,1,0,0,0,1,0,1,0,0,0,0,0,0,0,0,0,0,0.077215793
1,0,0,0,1,0,0,0,0,0,0,0,1,0,0,1,0,0,0,0,0.572333502
0,0,0,1,1,1,0,0,0,0,0,0,0,0,0,0,0,0,0,0,0.142404988
0,0,0,0,1,0,0,1,1,0,0,0,0,0,0,0,1,0,1,0,6.75E-03
0,0,0,0,1,1,0,1,0,0,0,0,0,0,0,1,0,0,0,1,0.534732292
0,1,0,0,0,0,1,0,0,0,1,0,0,0,0,0,1,1,0,0,0.098568998
0,0,0,0,1,0,0,1,1,0,0,0,0,0,0,0,1,0,0,0,5.56E-03
0,0,0,0,1,1,0,1,0,0,0,0,0,0,0,1,0,0,0,0,7.18E-02
0,1,0,0,0,0,1,0,0,0,1,0,0,0,0,0,1,0,0,0,0.102541448
0,0,0,0,1,1,0,0,0,0,1,0,0,0,0,1,0,0,1,0,2.68E-02
0,0,1,0,0,0,0,1,0,0,0,0,1,0,0,0,0,0,0,1,0.916236194
0,1,0,0,1,0,0,0,0,0,0,0,0,1,0,1,0,1,0,0,0.635483553
0,0,0,0,1,1,0,0,0,0,1,0,0,0,0,1,0,0,0,0,2.98E-02
0,0,1,0,0,0,0,1,0,0,0,0,1,0,0,0,0,0,0,0,0.926129951
0,1,0,0,1,0,0,0,0,0,0,0,0,1,0,1,0,0,0,0,0.624855181
0,0,0,0,0,1,0,1,1,0,0,0,0,0,0,1,0,0,1,0,7.00E-03
0,1,1,0,0,0,0,1,0,0,0,0,0,0,0,0,1,0,0,1,0.09339558
0,0,0,0,0,0,0,1,0,0,1,1,0,0,0,0,1,0,1,0,0.073676465
0,1,0,0,0,0,0,0,0,1,0,0,0,1,0,1,0,0,0,1,0.319835453
0,1,0,0,0,0,0,0,1,0,0,1,0,0,0,1,0,1,0,0,0.081520317
0,0,0,0,0,0,0,1,0,0,1,1,0,0,0,0,1,0,0,0,0.155002957
0,1,0,0,0,0,0,0,0,1,0,0,0,1,0,1,0,0,0,0,0.327105821
0,1,0,0,0,0,0,0,1,0,0,1,0,0,0,1,0,0,0,0,0.093886875
0,1,1,0,0,0,0,0,0,0,0,0,0,0,1,0,1,0,1,0,0.48525567
1,1,0,0,0,0,0,0,0,0,0,0,0,0,1,0,1,0,0,1,0.355397675
0,0,0,0,1,0,0,0,0,1,0,0,0,0,1,0,0,1,0,0,0.841460911
0,1,1,0,0,0,0,0,0,0,0,0,0,0,1,0,1,0,0,0,0.634360666
1,1,0,0,0,0,0,0,0,0,0,0,0,0,1,0,1,0,0,0,0.07635207
0,0,0,0,1,0,0,0,0,1,0,0,0,0,1,0,0,0,0,0,0.010274274
0,1,0,0,1,0,0,1,0,0,0,0,0,0,0,0,0,0,1,0,0.058439605
0,1,0,0,0,0,1,0,0,0,0,0,0,0,1,1,0,0,0,1,0.24592105
0,0,1,0,1,0,0,0,0,1,0,0,0,0,0,0,1,1,0,0,0.803865607
0,1,0,0,1,0,0,1,0,0,0,0,0,0,0,0,0,0,0,0,0.06676616
0,1,0,0,0,0,1,0,0,0,0,0,0,0,1,1,0,0,0,0,0.117636478
0,0,1,0,1,0,0,0,0,1,0,0,0,0,0,0,1,0,0,0,0.811512694
0,0,0,1,0,0,0,1,0,0,0,0,1,0,0,1,0,0,1,0,0.568798522
0,0,1,0,0,1,0,0,1,0,0,0,0,0,0,1,0,0,0,1,0.2214494
1,0,0,1,1,0,0,0,0,0,0,0,0,0,0,0,1,1,0,0,0.948099636
0,0,0,1,0,0,0,1,0,0,0,0,1,0,0,1,0,0,0,0,0.075839885
0,0,1,0,0,1,0,0,1,0,0,0,0,0,0,1,0,0,0,0,0.191985786
1,0,0,1,1,0,0,0,0,0,0,0,0,0,0,0,1,0,0,0,0.889462526
0,0,0,0,0,0,0,0,0,0,1,1,0,1,0,1,0,0,1,0,0.412789827
1,0,0,0,0,0,1,0,0,0,0,0,0,1,0,0,0,0,0,1,0.398599762
0,1,0,0,0,0,0,0,0,0,0,0,0,1,1,1,0,1,0,0,0.360675882
0,0,0,0,0,0,0,0,0,0,1,1,0,1,0,1,0,0,0,0,0.199077722
1,0,0,0,0,0,1,0,0,0,0,0,0,1,0,0,0,0,0,0,0.320191386
0,1,0,0,0,0,0,0,0,0,0,0,0,1,1,1,0,0,0,0,0.028960624
1,0,0,1,0,1,0,0,0,0,0,0,0,0,0,0,1,0,1,0,0.569371901
0,0,0,0,0,1,0,0,0,0,1,1,0,0,0,0,0,0,0,1,0.802567944
1,0,1,0,0,0,0,0,0,0,0,1,0,0,0,0,0,1,0,0,0.593064338
1,0,0,1,0,1,0,0,0,0,0,0,0,0,0,0,1,0,0,0,0.474527479
0,0,0,0,0,1,0,0,0,0,1,1,0,0,0,0,0,0,0,0,0.588959778
1,0,1,0,0,0,0,0,0,0,0,1,0,0,0,0,0,0,0,0,0.50884034
